C,SETP.WORLD,DVD_STATION,AEMO,PUBLIC,2025/12/08,12:54:28,001765162468379,MONTHLY_ARCHIVE,001765162468379
I,PARTICIPANT_REGISTRATION,STATION,1,STATIONID,STATIONNAME,ADDRESS1,ADDRESS2,ADDRESS3,ADDRESS4,CITY,STATE,POSTCODE,LASTCHANGED,CONNECTIONPOINTID
D,PARTICIPANT_REGISTRATION,STATION,1,CALLIDE,"Callide Power Station","PO BOX 392",,,,BILOELA,QLD,4715,"2011/01/06 11:28:04",
D,PARTICIPANT_REGISTRATION,STATION,1,SWANBANK,"Swanbank B Power Station & Swanbank E Gas Turbine","MS 460",,,,IPSWICH,QLD,4306,"2011/06/30 10:01:02",
D,PARTICIPANT_REGISTRATION,STATION,1,MP,"MT PIPER POWER STATION","MT PIPER POWER STATION","PRIVATE BAG NO. 1","POST OFFICE",,PORTLAND,NSW,2847,"2003/11/25 15:34:57",
D,PARTICIPANT_REGISTRATION,STATION,1,MM,"MUNMORAH POWER STATION","MUNMORAH POWER STATION","LOCKED MAIL BAG NO. 1","POST OFFICE",,BUDGEWOI,NSW,2262,"2003/11/25 15:34:57",
D,PARTICIPANT_REGISTRATION,STATION,1,VP,"Vales Point ""B"" Power Station","VALES POINT POWER STATION","C/0 POST OFFICE",,,"MANNERING PARK",NSW,2259,"2011/01/06 11:28:04",
D,PARTICIPANT_REGISTRATION,STATION,1,WW,"Wallerawang Power Station","WALLERAWANG POWER STATION","C/O WALLERAWANG POST OFFICE",,,WALLERAWANG,NSW,2845,"2011/03/01 11:15:34",
D,PARTICIPANT_REGISTRATION,STATION,1,JEERA,"Jeeralang ""A"" Power Station",,,,,JEERALANG,VIC,3000,"2011/01/06 11:28:58",
D,PARTICIPANT_REGISTRATION,STATION,1,JEERB,"Jeeralang ""B"" Power Station",,,,,JEERALANG,VIC,3000,"2011/01/06 11:28:58",
D,PARTICIPANT_REGISTRATION,STATION,1,NEWPORT,"NEWPORT POWER STATION",,,,,NEWPORT,VIC,3000,"2003/11/25 15:34:57",
D,PARTICIPANT_REGISTRATION,STATION,1,LOYYB,"LOY YANG B POWER STATION",,,,,TRARALGON,VIC,3844,"2003/11/25 15:34:57",
D,PARTICIPANT_REGISTRATION,STATION,1,ENERGYB,"Energy Brix Complex Power Station","GATE 2","COMMERCIAL ROAD",,,MORWELL,VIC,3840,"2011/01/06 11:28:58",
D,PARTICIPANT_REGISTRATION,STATION,1,SNUG,"SNUGGERY POWER STATION",,,,,SNUGGERY,SA,5000,"2003/11/25 15:34:57",
D,PARTICIPANT_REGISTRATION,STATION,1,HAZEL,"Hazelwood Power Station",MORWELL,,,,VIC,VIC,3840,"2011/01/06 11:28:58",
D,PARTICIPANT_REGISTRATION,STATION,1,LOYYANGA,"LOY YANG A POWER STATION","BARTONS LANE",,,,"TRARALGON SOUTH",VIC,3844,"2003/11/25 15:34:57",
D,PARTICIPANT_REGISTRATION,STATION,1,LIDDELL,"Liddell Power Station",,,,,LIDDELL,NSW,2140,"2011/01/06 11:30:30",
D,PARTICIPANT_REGISTRATION,STATION,1,BAYSW,"Bayswater Power Station",BAYSWATER,,,,NSW,NSW,2140,"2011/01/06 11:30:30",
D,PARTICIPANT_REGISTRATION,STATION,1,DRYCGT,"Dry Creek Gas Turbine Station","DRY CREEK",,,,"DRY CREEK",SA,5094,"2011/01/06 11:30:30",
D,PARTICIPANT_REGISTRATION,STATION,1,MINTARO,"Mintaro Gas Turbine Station",MINTARO,,,,MINTARO,SA,5415,"2011/01/06 11:30:30",
D,PARTICIPANT_REGISTRATION,STATION,1,NORTHP,"NORTHERN POWER STATION","P.O. BOX 15","PORT AUGUSTA",,,"PORT AUGUSTA",SA,5700,"2003/11/25 15:34:57",
D,PARTICIPANT_REGISTRATION,STATION,1,PLAYF,"Playford B Power Station","P.O. BOX 15","PORT AUGUSTA",,,"PORT AUGUSTA",SA,5700,"2011/01/06 11:28:58",
D,PARTICIPANT_REGISTRATION,STATION,1,TORRIS,"TORRENS ISLAND POWER STATION","P.O. BOX 195","PORT ADELAIDE",,,"PORT ADELAIDE",SA,5015,"2003/11/25 15:34:57",
D,PARTICIPANT_REGISTRATION,STATION,1,ERARING,"ERARING POWER STATION",,,,,ERARING,NSW,2264,"2003/11/25 15:34:57",
D,PARTICIPANT_REGISTRATION,STATION,1,HUMENSW,"Hume (NSW) Hydro Power Station","HUME DAM",,,,"Hume Weir",NSW,2614,"2013/08/01 13:57:51",
D,PARTICIPANT_REGISTRATION,STATION,1,BROWNMT,"Brown Mountain Hydro Power Station","SNOWY MTS HIGHWAY",,,,BEMBOKA,NSW,2550,"2013/08/01 13:22:42",
D,PARTICIPANT_REGISTRATION,STATION,1,KEEPIT,"Keepit Hydro Power Station","KEEPIT DAM",,,,"KEEPIT DAM",NSW,2340,"2013/08/01 14:01:19",
D,PARTICIPANT_REGISTRATION,STATION,1,BURRIN,"Burrinjuck Hydro Power Station",,,,,BURRINJUCK,NSW,2000,"2013/08/01 13:45:15",
D,PARTICIPANT_REGISTRATION,STATION,1,WG,"WARRAGAMBA POWER STATION",,,,,"WARRAGAMBA DAM",NSW,2752,"2003/11/25 15:34:57",
D,PARTICIPANT_REGISTRATION,STATION,1,NORTHGT,"NORTHERN GAS TURBINE","ROCKY POINT ROAD",,,,ERARING,NSW,2464,"2003/11/25 15:34:57",
D,PARTICIPANT_REGISTRATION,STATION,1,HUNTVGT,"Hunter Valley Gas Turbine","NEW ENGLAND HIGHWAY",,,,LIDDELL,NSW,2000,"2011/01/06 11:30:30",
D,PARTICIPANT_REGISTRATION,STATION,1,KOOLKHAN,"KOOLKHAN GAS TURBINE","CASINO ROAD",,,,KOOLKHAN,NSW,2460,"2003/11/25 15:34:57",
D,PARTICIPANT_REGISTRATION,STATION,1,BHILLGT,"Broken Hill Gas Turbines","Pinnacles Road",,,,"Broken Hill",NSW,2880,"2011/01/06 11:28:04",
D,PARTICIPANT_REGISTRATION,STATION,1,SHOALHAV,"Shoalhaven Power Station (Bendeela And Kangaroo Valley Power Station And Pumps)","BENDEELA ROAD",,,,"KANGAROO VALLEY",NSW,2577,"2011/03/01 11:17:29",
D,PARTICIPANT_REGISTRATION,STATION,1,G/STONE,"GLADSTONE POWER STATION","PO BOX 5046",,,,GLADSTONE,QLD,4680,"2003/11/25 15:34:57",
D,PARTICIPANT_REGISTRATION,STATION,1,COLNSV,"Collinsville Power Station","1 Power House Road",,,,Collinsville,QLD,4804,"2012/06/29 10:09:00",
D,PARTICIPANT_REGISTRATION,STATION,1,APS,"ANGELSEA POWER STATION","ALCOA AUSTRALIA LIMITED","COAL MINES ROAD",,,ANGELSEA,VIC,3230,"2014/07/28 10:23:04",
D,PARTICIPANT_REGISTRATION,STATION,1,HUMEV,"Hume (Vic) Hydro Power Station","HUME DAM NSW",,,,WODONGA,VIC,3691,"2013/08/01 13:58:59",
D,PARTICIPANT_REGISTRATION,STATION,1,PORTLAND,PORTLAND,"PORTLAND POWER SERVICES","QUARRY ROAD",,,PORTLAND,VIC,3305,"2003/11/25 15:34:57",
D,PARTICIPANT_REGISTRATION,STATION,1,PTH,"POINT HENRY SMELTER","POINT HENRY ROAD",,,,"POINT HENRY",VIC,3221,"2003/11/25 15:34:57",
D,PARTICIPANT_REGISTRATION,STATION,1,DARTM,"DARTMOUTH POWER STATION",DARTMOUTH,"KIEWA VALLEY HIGHWAY","MT. BEAUTY  3699",,VIC,VIC,3699,"2003/11/25 15:34:57",
D,PARTICIPANT_REGISTRATION,STATION,1,EILDON,"EILDON POWER STATION","KIEWA VALLEY HIGHWAY","MT. BEAUTY  3699",,,EILDON,VIC,3699,"2003/11/25 15:34:57",
D,PARTICIPANT_REGISTRATION,STATION,1,MCKAY,"Bogong / Mackay Power Station","KIEWA VALLEY HIGHWAY","MT. BEAUTY  3699",,,,VIC,3699,"2011/01/06 11:28:04",
D,PARTICIPANT_REGISTRATION,STATION,1,CLOVER,"CLOVER POWER STATION","KIEWA VALLEY HIGHWAY","MT. BEAUTY  3699",,,,VIC,3699,"2003/11/25 15:34:57",
D,PARTICIPANT_REGISTRATION,STATION,1,WKIEWA,"WEST KIEWA POWER STATION","KIEWA VALLEY HIGHWAY","MT. BEAUTY  3699",,,,VIC,3699,"2003/11/25 15:34:57",
D,PARTICIPANT_REGISTRATION,STATION,1,RUBICON,"Rubicon Mountain Streams Station","KIEWA VALLEY HIGHWAY","MT. BEAUTY",,,,VIC,3699,"2011/01/06 11:28:04",
D,PARTICIPANT_REGISTRATION,STATION,1,BARRON,"Barron Gorge Power Station","PO BOX 320 R",,,,REDLYNCH,QLD,4870,"2011/01/06 11:30:30",
D,PARTICIPANT_REGISTRATION,STATION,1,KAREEYA,"KAREEYA POWER STATION","PO BOX 398",,,,TULLY,QLD,4854,"2003/11/25 15:34:57",
D,PARTICIPANT_REGISTRATION,STATION,1,MACKAY,"MACKAY GAS TURBINE","MACKAY GAS TURBINE",,,,MACKAY,QLD,,"2003/11/25 15:34:57",
D,PARTICIPANT_REGISTRATION,STATION,1,STANWELL,"STANWELL POWER STATION","PO BOX 5895","ROCKHAMPTON MAIL CENTRE",,,ROCKHAMPTON,QLD,4702,"2003/11/25 15:34:57",
D,PARTICIPANT_REGISTRATION,STATION,1,TARONG,"TARONG POWER STATION","MAIDENWELL ROAD",,,,NANANGO,QLD,4615,"2003/11/25 15:34:57",
D,PARTICIPANT_REGISTRATION,STATION,1,WIVENHOE,"WIVENHOE POWER STATION","WIVENHOE-SOMERSET ROAD",,,,FERNVALE,QLD,4306,"2003/11/25 15:34:57",
D,PARTICIPANT_REGISTRATION,STATION,1,YALLOURN,"YALLOURN 'W' POWER STATION","EASTERN ROAD",YALLOURN,,"PO BOX 444",MOE,VIC,3825,"2003/11/25 15:34:57",
D,PARTICIPANT_REGISTRATION,STATION,1,BARCALDN,"Barcaldine Power Station","PO BOX 107","ALBERT STREET",,,BRISBANE,QLD,4002,"2011/01/06 11:28:58",
D,PARTICIPANT_REGISTRATION,STATION,1,SNOWY1,"Tumut 3 Power Station","MITTAGANG ROAD",,,,COOMA,NSW,2630,"2011/01/06 11:30:30",
D,PARTICIPANT_REGISTRATION,STATION,1,SNOWY2,"Tumut Power Station","MITTAGANG ROAD",,,,COOMA,NSW,2630,"2011/01/06 11:30:30",
D,PARTICIPANT_REGISTRATION,STATION,1,SNOWY3,"Guthega Power Station","MITTAGANG ROAD",,,,COOMA,NSW,2630,"2015/03/19 16:05:20",
D,PARTICIPANT_REGISTRATION,STATION,1,SNOWY4,SNOWY,"MITTAGANG ROAD",,,,COOMA,NSW,2630,"2003/11/25 15:34:57",
D,PARTICIPANT_REGISTRATION,STATION,1,SNOWY5,SNOWY,"MITTAGANG ROAD",,,,COOMA,NSW,2630,"2003/11/25 15:34:57",
D,PARTICIPANT_REGISTRATION,STATION,1,SNOWY6,"Blowering Power Station","MITTAGANG ROAD",,,,COOMA,NSW,2630,"2011/01/06 11:30:30",
D,PARTICIPANT_REGISTRATION,STATION,1,SNOWYP,SNOWY,"MITTAGANG ROAD",,,,COOMA,NSW,2630,"2003/11/25 15:34:57",
D,PARTICIPANT_REGISTRATION,STATION,1,PORTLCN,"Port Lincoln Gas Turbine",NN,,,,"PORT LINCOLN",SA,5000,"2011/01/06 11:30:30",
D,PARTICIPANT_REGISTRATION,STATION,1,TBLAND,"TABLELAND MILL","SPRING MOUNTAIN ROAD",,,,ARRIGA,QLD,4000,"2003/11/25 15:34:57",
D,PARTICIPANT_REGISTRATION,STATION,1,OSBORNE,"OSBORNE POWER STATION","MERSEY RD",,,,OSBORNE,SA,5000,"2003/11/25 15:34:57",
D,PARTICIPANT_REGISTRATION,STATION,1,MSTUART,"Mt Stuart Power Station","HUNTER STREET","MT STUART",,,TOWNSVILLE,QLD,4002,"2011/01/06 11:30:30",
D,PARTICIPANT_REGISTRATION,STATION,1,YABULU,"Townsville Gas Turbine","LOT 1","GREENVALE ST",,,TOWNSVILLE,QLD,4000,"2011/01/06 11:28:04",
D,PARTICIPANT_REGISTRATION,STATION,1,SITHE,"SMITHFIELD ENERGY FACILITY","33 Herbert Place",Smithfield,,,Sydney,NSW,2164,"2003/11/25 15:34:57",
D,PARTICIPANT_REGISTRATION,STATION,1,STHJST,"SOUTH JOHNSTONE","C\- CS ENERGY",,,,BRISBANE,QLD,BRISBANE,"2003/11/25 15:34:57",
D,PARTICIPANT_REGISTRATION,STATION,1,BHASZINC,"BHAS ZINC PLANT SA","C/- ETSA POWER ADELAIDE",,,,ADELAIDE,SA,ADELAIDE,"2003/11/25 15:34:57",
D,PARTICIPANT_REGISTRATION,STATION,1,VICSMLT,"VICTORIAN SMELTER ANCILLARY SERVICES","C/- SECV",,,,PORTLAND,VIC,PORTLAND,"2003/11/25 15:34:57",
D,PARTICIPANT_REGISTRATION,STATION,1,BLOWER,BLOWERING,"MITTAGANG ROAD",,,,COOMA,NSW,COOMA,"2003/11/25 15:34:57",
D,PARTICIPANT_REGISTRATION,STATION,1,GUTHEGA,"Guthega Power Station","MITTAGANG ROAD",,,,COOMA,NSW,COOMA,"2011/01/06 11:30:30",
D,PARTICIPANT_REGISTRATION,STATION,1,MURRAY1,MURRAY1,"MITTAGANG ROAD",,,,COOMA,NSW,COOMA,"2003/11/25 15:34:57",
D,PARTICIPANT_REGISTRATION,STATION,1,MURRAY2,MURRAY2,"MITTAGANG ROAD",,,,COOMA,NSW,COOMA,"2003/11/25 15:34:57",
D,PARTICIPANT_REGISTRATION,STATION,1,SNOWY,"Tumut 3 Pumps","MITTAGANG ROAD",,,,COOMA,NSW,COOMA,"2011/01/06 11:30:30",
D,PARTICIPANT_REGISTRATION,STATION,1,SNWYGJP2,"Jindabyne Pump At Guthega","MITTAGANG ROAD",,,,COOMA,NSW,COOMA,"2015/03/19 16:05:20",
D,PARTICIPANT_REGISTRATION,STATION,1,TUMUT1,TUMUT1,"MITTAGANG ROAD",,,,COOMA,NSW,COOMA,"2003/11/25 15:34:57",
D,PARTICIPANT_REGISTRATION,STATION,1,TUMUT2,TUMUT2,"MITTAGANG ROAD",,,,COOMA,NSW,COOMA,"2003/11/25 15:34:57",
D,PARTICIPANT_REGISTRATION,STATION,1,TUMUT3,TUMUT3,"MITTAGANG ROAD",,,,COOMA,NSW,COOMA,"2003/11/25 15:34:57",
D,PARTICIPANT_REGISTRATION,STATION,1,ROMA,"Roma Gas Turbine Station","Warrego Highway",,,,Roma,QLD,4455,"2011/01/06 11:30:30",
D,PARTICIPANT_REGISTRATION,STATION,1,JINDABYNE,SNOWY,"MITTAGANG ROAD",,,,COOMA,NSW,2630,"2003/11/25 15:34:57",
D,PARTICIPANT_REGISTRATION,STATION,1,TOMAGO,"TOMAGO SMELTER",LIDDELL,,,,LIDDELL,NSW,2140,"2003/11/25 15:34:57",
D,PARTICIPANT_REGISTRATION,STATION,1,FARLEIGH,"FARLEIGH MILL","FARLEIGH MILL",,,,FARLEIGH,QLD,4741,"2003/11/25 15:34:57",
D,PARTICIPANT_REGISTRATION,STATION,1,MACKNADE,"MACKNADE SUGAR MILL","MACKNADE SUGAR MILL",,,,MACKNADE,QLD,4850,"2003/11/25 15:34:57",
D,PARTICIPANT_REGISTRATION,STATION,1,MARIAN,"MARIAN MILL","MARIAN MILL",,,,MARIAN,QLD,4753,"2003/11/25 15:34:57",
D,PARTICIPANT_REGISTRATION,STATION,1,PLANECRK,"PLANE CREEK MILL","PLANE CREEK MILL",,,,SARINA,QLD,4737,"2003/11/25 15:34:57",
D,PARTICIPANT_REGISTRATION,STATION,1,PLEYSTOW,"PLEYSTOWE MILL","PLEYSTOWE MILL",,,,PLEYSTOWE,QLD,4741,"2003/11/25 15:34:57",
D,PARTICIPANT_REGISTRATION,STATION,1,RCOURSE,"RACECOURSE MILL","RACECOURSE MILL AND REFINERY",,,,MACKAY,QLD,4740,"2003/11/25 15:34:57",
D,PARTICIPANT_REGISTRATION,STATION,1,OAKEY,"OAKEY POWER STATION","Cnr Kearney Warrego Highway",,,,OAKEY,QLD,4401,"2014/12/15 11:26:09",
D,PARTICIPANT_REGISTRATION,STATION,1,ERG_AS,"ERGON FREQUENCY CONTROL A.S.","C/- ERGON ENERGY",,,,BRISBANE,QLD,4000,"2003/11/25 15:34:57",
D,PARTICIPANT_REGISTRATION,STATION,1,LADBROKE,"Ladbroke Grove Power Station","Argyle Road",,,,Penola,SA,5277,"2011/01/06 11:30:30",
D,PARTICIPANT_REGISTRATION,STATION,1,WGULLY,"WHYTES GULLY","LOT 203 REDDALLS ROAD",,,,"WEST DAPTO",NSW,2530,"2003/11/25 15:34:57",
D,PARTICIPANT_REGISTRATION,STATION,1,WINDHILL,"Windy Hill Wind Farm","Via Windy Hill, Atherton Tablelands",,,,"VIA RAVENSHOE",QLD,4872,"2011/01/06 11:30:30",
D,PARTICIPANT_REGISTRATION,STATION,1,DIRECTLINK,"DLINK INTERCONNECTOR","PO Box 786",,,,"PORT MACQUARIE",NSW,2444,"2003/11/25 15:34:57",
D,PARTICIPANT_REGISTRATION,STATION,1,UWS,"UWS CO-GEN UNIT","CNR VICTORIA ROAD & JAMES RUSE DRIVE",,,,RYDALMERE,NSW,2116,"2003/11/25 15:34:57",
D,PARTICIPANT_REGISTRATION,STATION,1,CALLIDEC,"CALLIDE C NETT OFF",CALLIDE,,,,CALLIDE,QLD,4715,"2003/11/25 15:34:57",
D,PARTICIPANT_REGISTRATION,STATION,1,MULGRAVE,"MULGRAVE CENTRAL MILL","GORDON STREET",,,,GORDONVALE,QLD,4865,"2003/11/25 15:34:57",
D,PARTICIPANT_REGISTRATION,STATION,1,NPPPPS,"Pelican Point Power Station","PELICAN POINT ROAD",,,,"OUTER HARBOUR",SA,5018,"2011/01/06 11:30:30",
D,PARTICIPANT_REGISTRATION,STATION,1,CALLIDEC1,"CALLIDE C NETT OFF",CALLIDE,,,,CALLIDE,QLD,4715,"2003/11/25 15:34:57",
D,PARTICIPANT_REGISTRATION,STATION,1,REDBANK1,"Redbank Power Station","112 LONG POINT ROAD WEST",,,,"WARKWORTH VIA SINGLETON",NSW,2330,"2011/01/06 11:30:30",
D,PARTICIPANT_REGISTRATION,STATION,1,DEIBDL,"Bairnsdale Power Station","LOT 1 MITTONS LANE",,,,BAIRNSDALE,VIC,3875,"2011/01/06 11:28:04",
D,PARTICIPANT_REGISTRATION,STATION,1,MILLMERN,"Millmerran Power Plant","ROAD 55, MOFFATT RESERVE ROCKY CREEK ROAD",,,,MILLMERRAN,QLD,4357,"2011/01/06 11:30:30",
D,PARTICIPANT_REGISTRATION,STATION,1,JACKSGUL,"Jacks Gully Landfill Gas Power Station","275 Richardson Road",,,,"Spring Farm",NSW,2570,"2013/07/31 14:28:20",
D,PARTICIPANT_REGISTRATION,STATION,1,MURRAY,"Murray Power Station","MITTAGANG ROAD",,,,COOMA,NSW,2630,"2011/01/06 11:30:30",
D,PARTICIPANT_REGISTRATION,STATION,1,RPCG,"Rocky Point Cogeneration Plant","MILL ROAD",,,,WOONGOOLBA,QLD,4207,"2011/01/06 11:30:30",
D,PARTICIPANT_REGISTRATION,STATION,1,PINDARI,"Pindari Hydro Power Station","DLWC OFFICE, PO BOX 50",,,,ASHFORD,NSW,2360,"2011/01/06 11:28:04",
D,PARTICIPANT_REGISTRATION,STATION,1,QUARANTN,"Quarantine Power Station","Torrens Island Nth",,,,ADELAIDE,SA,5015,"2018/12/10 10:13:05",
D,PARTICIPANT_REGISTRATION,STATION,1,LONSDALE,"Lonsdale Power Station","100 Refinery Road",,,,LONSDALE,SA,5160,"2011/01/06 11:30:30",
D,PARTICIPANT_REGISTRATION,STATION,1,LYGS,"VALLEY POWER","Bartons Lane",,,,Traralgon,VIC,3844,"2003/11/25 15:34:57",
D,PARTICIPANT_REGISTRATION,STATION,1,AGLHAL,"Hallett Power Station","THE WILLOWS ROAD",,,,HALLETT,SA,5419,"2011/01/06 11:30:30",
D,PARTICIPANT_REGISTRATION,STATION,1,AGLSOM,"Somerton Power Station","130 HUME HIGHWAY",,,,SOMERTON,VIC,3062,"2011/01/06 11:28:04",
D,PARTICIPANT_REGISTRATION,STATION,1,SUNSHINE,"SUNSHINE ENERGY","8 HULETT STREET",,,,SUNSHINE,VIC,3020,"2003/11/25 15:34:57",
D,PARTICIPANT_REGISTRATION,STATION,1,WCLASS,"HRL TRAMWAY ROAD","TRAMWAY ROAD",,,,MORWELL,VIC,3840,"2003/11/25 15:34:57",
D,PARTICIPANT_REGISTRATION,STATION,1,AGLNOW1,"West Nowra Landfill Gas Power Generation Facility","WEST NOWRA LANDFILL, FLATROCK ROAD",,,,"WEST NOWRA",NSW,2541,"2011/01/06 11:28:04",
D,PARTICIPANT_REGISTRATION,STATION,1,TOORAWF,"TOORA WIND FARM","Silcocks Hill Road",,,,TOORA,VIC,3962,"2007/11/30 09:36:45",
D,PARTICIPANT_REGISTRATION,STATION,1,BROOKLYN,"Brooklyn LFG U1-3","JONES ROAD",,,,BROOKLYN,VIC,3025,"2013/11/07 09:02:02",
D,PARTICIPANT_REGISTRATION,STATION,1,EASTCRK,"Eastern Creek LFG PS Units 1-4","WALLGROVE ROAD",,,,"EASTERN CREEK",NSW,2766,"2014/02/14 09:01:53",
D,PARTICIPANT_REGISTRATION,STATION,1,LONGFORD,"LONGFORD PLANT","GARRETTS ROAD",,,,LONGFORD,VIC,3851,"2003/11/25 15:34:57",
D,PARTICIPANT_REGISTRATION,STATION,1,MURLINKP,"MURLINK INTCONNECTOR","PO BOX 7077 RIVERSIDE CENTRE",,,,BRISBANE,QLD,4000,"2003/11/25 15:34:57",
D,PARTICIPANT_REGISTRATION,STATION,1,STPN1,STAPYLTON,"215 BURNSIDE ROAD",,,,STAPYLTON,QLD,4207,"2003/11/25 15:34:57",
D,PARTICIPANT_REGISTRATION,STATION,1,TARONGN,"Tarong North Power Station","MAIDENWELL ROAD",,,,NANANGO,QLD,4615,"2011/01/06 11:30:30",
D,PARTICIPANT_REGISTRATION,STATION,1,WIVENSH,"WIVENHOE SMALL HYDRO","Brisbane Valley Highway",,,,Fernvale,QLD,4306,"2023/09/18 10:04:18",
D,PARTICIPANT_REGISTRATION,STATION,1,RT_NSW1,"RESERVE TRADER NSW1",NEMMCO,,,,SYDNEY,NSW,2000,"2003/11/25 15:34:57",
D,PARTICIPANT_REGISTRATION,STATION,1,RT_QLD1,"RESERVE TRADER QLD1",NEMMCO,,,,BRISBANE,QLD,4000,"2003/11/25 15:34:57",
D,PARTICIPANT_REGISTRATION,STATION,1,RT_SA1,"RESERVE TRADER SA1",NEMMCO,,,,ADELAIDE,SA,5000,"2003/11/25 15:34:57",
D,PARTICIPANT_REGISTRATION,STATION,1,RT_VIC1,"RESERVE TRADER VIC1",NEMMCO,,,,MELBOURNE,VIC,3000,"2003/11/25 15:34:57",
D,PARTICIPANT_REGISTRATION,STATION,1,MORNW,"Mornington Waste Disposal Facility","TRUEMAN'S ROAD",,,,RYE,VIC,3941,"2011/01/06 11:28:58",
D,PARTICIPANT_REGISTRATION,STATION,1,WYNDW,"Wyndham Waste Disposal Facility","WEST ROAD",,,,WERRIBEE,VIC,3030,"2011/01/06 11:28:58",
D,PARTICIPANT_REGISTRATION,STATION,1,PMATTAEP,"EarthPower Biomass Plant","35 GRAND AVENUE",,,,CAMELLIA,NSW,2142,"2011/01/06 11:28:04",
D,PARTICIPANT_REGISTRATION,STATION,1,SUNCOAST,"Suncoast Gold Macadamias","DRUMMOND DRIVE",,,,GYMPIE,QLD,4570,"2011/01/06 11:28:04",
D,PARTICIPANT_REGISTRATION,STATION,1,TERMSTOR,"Terminal Storage Mini Hydro Power Station","Grand Junction Road",,,,ADELAIDE,SA,5001,"2011/01/06 11:28:58",
D,PARTICIPANT_REGISTRATION,STATION,1,SOMERSET,"SOMERSET DAM","SOMERSET DAM",,,,BRISBANE,QLD,4312,"2004/03/03 16:19:38",
D,PARTICIPANT_REGISTRATION,STATION,1,LKBONNY1,"Lake Bonney Wind Farm Stage 1","SECTION 244 HUNDRED MAYURRA",,,,"NEAR MILLICENT/TANTOOLA",SA,5280,"2012/05/09 10:32:49",
D,PARTICIPANT_REGISTRATION,STATION,1,TERALBA,"TERALBA POWER STATION","STOCKTON BOREHOLE COLLIERY, RAILWAY STREET",,,,TERALBA,NSW,2284,"2004/05/25 11:37:50",
D,PARTICIPANT_REGISTRATION,STATION,1,EDLRGNRD,"Roghan Road LFG Power Plant","411 ROGHAN ROAD",,,,FITZGIBBON,QLD,4018,"2011/01/06 11:28:04",
D,PARTICIPANT_REGISTRATION,STATION,1,DG_NSW1,"NSW1 Dummy Generator",NEMMCO,,,,SYDNEY,NSW,2000,"2004/07/27 14:23:01",
D,PARTICIPANT_REGISTRATION,STATION,1,DG_QLD1,"QLD1 Dummy Generator",NEMMCO,,,,BRISBANE,QLD,4000,"2004/07/27 14:23:01",
D,PARTICIPANT_REGISTRATION,STATION,1,DG_SA1,"SA1 Dummy Generator",NEMMCO,,,,ADELAIDE,SA,5000,"2004/07/27 14:23:02",
D,PARTICIPANT_REGISTRATION,STATION,1,DG_VIC1,"VIC1 Dummy Generator",NEMMCO,,,,MELBOURNE,VIC,3000,"2004/07/27 14:23:02",
D,PARTICIPANT_REGISTRATION,STATION,1,ROCHEDAL,"Rochedale Renewable Energy Facility","174 GARDNER ROAD",,,,ROCHEDALE,QLD,4123,"2011/01/06 11:28:04",
D,PARTICIPANT_REGISTRATION,STATION,1,WHIT1,"Whitwood Road Renewable Energy Facility","189 WHITWOOD ROAD, NEW CHUM",,,,IPSWICH,QLD,4305,"2011/01/06 11:28:04",
D,PARTICIPANT_REGISTRATION,STATION,1,LUCAS2S2,"Lucas Heights 2 Power Station","Lot 19, Little Forest Road",,,,MENAI,NSW,2234,"2025/12/05 16:07:20",
D,PARTICIPANT_REGISTRATION,STATION,1,ANGASTON,"ANGASTON POWER STATION","LOT 6 STOCKWELL ROAD",,,,ANGASTON,SA,5353,"2004/12/30 12:44:23",
D,PARTICIPANT_REGISTRATION,STATION,1,WPWF,"Wattle Point Wind Farm","YORKE PENINSULA",,,,YORKETOWN,SA,5576,"2011/01/06 11:28:04",
D,PARTICIPANT_REGISTRATION,STATION,1,CATHROCK,"CATHEDRAL ROCKS","CATHEDRAL ROCKS WIND FARM",,,,SLEAFORD,SA,,"2005/04/29 11:10:58",
D,PARTICIPANT_REGISTRATION,STATION,1,BELLBAY,"BELL BAY","EAST TAMAR HIGHWAY",,,,"BELL BAY",TAS,7253,"2005/05/16 13:25:38",
D,PARTICIPANT_REGISTRATION,STATION,1,WOOLNTH1,"Woolnorth Studland Bay / Bluff Point Wind Farm","Woolnorth Wind Lot 1",,,,WOLLNORTH,TAS,7330,"2015/03/19 16:05:20",
D,PARTICIPANT_REGISTRATION,STATION,1,BASTYAN,"Bastyan Power Station",BASTYAN,,,,,TAS,,"2011/01/06 11:28:58",
D,PARTICIPANT_REGISTRATION,STATION,1,BUTLERSG,"Butlers Gorge Power Station",BUTLERSG,,,,,TAS,,"2011/01/06 11:28:58",
D,PARTICIPANT_REGISTRATION,STATION,1,CETHANA,"Cethana Power Station",CETHANA,,,,,TAS,,"2011/01/06 11:28:58",
D,PARTICIPANT_REGISTRATION,STATION,1,CLUNY,"Cluny Power Station",CLUNY,,,,,TAS,,"2011/01/06 11:28:58",
D,PARTICIPANT_REGISTRATION,STATION,1,DEVILS_G,"Devils Gate Power Station","DEVILS GATE",,,,,TAS,,"2011/01/06 11:28:58",
D,PARTICIPANT_REGISTRATION,STATION,1,FISHER,"Fisher Power Station",FISHER,,,,,TAS,,"2011/01/06 11:28:58",
D,PARTICIPANT_REGISTRATION,STATION,1,GORDON,"Gordon Power Station",GORDON,,,,,TAS,,"2011/01/06 11:28:58",
D,PARTICIPANT_REGISTRATION,STATION,1,JBUTTERS,"John Butters Power Station","JOHN BUTTERS",,,,,TAS,,"2011/01/06 11:28:58",
D,PARTICIPANT_REGISTRATION,STATION,1,LEM_WIL,"Lemonthyme / Wilmot Power Station",LEMONTHYME,,,,,TAS,,"2011/01/06 11:28:58",
D,PARTICIPANT_REGISTRATION,STATION,1,LI_WY_CA,"Catagunya / Liapootah / Wayatinah Power Station",LIAPOOTAH,,,,,TAS,,"2011/01/06 11:28:58",
D,PARTICIPANT_REGISTRATION,STATION,1,LK_ECHO,"Lake Echo Power Station","LAKE ECHO",,,,,TAS,,"2011/01/06 11:28:58",
D,PARTICIPANT_REGISTRATION,STATION,1,MACKNTSH,"Mackintosh Power Station",MACKINTOSH,,,,,TAS,,"2011/01/06 11:28:58",
D,PARTICIPANT_REGISTRATION,STATION,1,MEADOWBK,"Meadowbank Power Station","MEADOW BANK",,,,,TAS,,"2011/01/06 11:28:58",
D,PARTICIPANT_REGISTRATION,STATION,1,PALOONA,"Paloona Power Station",PALOONA,,,,,TAS,,"2011/01/06 11:28:58",
D,PARTICIPANT_REGISTRATION,STATION,1,PTINA110,"Poatina Power Station",POATINA,,,,,TAS,,"2011/01/06 11:28:58",
D,PARTICIPANT_REGISTRATION,STATION,1,PTINA220,"Poatina Power Station",POATINA,,,,,TAS,,"2011/01/06 11:28:58",
D,PARTICIPANT_REGISTRATION,STATION,1,REECE,"Reece Power Station",REECE,,,,,TAS,,"2011/01/06 11:28:58",
D,PARTICIPANT_REGISTRATION,STATION,1,REPULSE,"Repulse Power Station",REPULSE,,,,,TAS,,"2011/01/06 11:28:58",
D,PARTICIPANT_REGISTRATION,STATION,1,TARRALEA,"Tarraleah Power Station",TARRALEA,,,,,TAS,,"2011/01/06 11:28:58",
D,PARTICIPANT_REGISTRATION,STATION,1,TREVALLN,"Trevallyn Power Station",TREVALLYN,,,,,TAS,,"2011/01/06 11:28:58",
D,PARTICIPANT_REGISTRATION,STATION,1,TRIBUTE,"Tribute Power Station",TRIBUTE,,,,,TAS,,"2011/01/06 11:28:58",
D,PARTICIPANT_REGISTRATION,STATION,1,TUNGATIN,"Tungatinah Power Station",TUNGATINAH,,,,,TAS,,"2011/01/06 11:28:58",
D,PARTICIPANT_REGISTRATION,STATION,1,DG_TAS1,"TAS1 Dummy Generator",NEMMCO,,,,HOBART,TAS,7000,"2005/05/16 13:26:35",
D,PARTICIPANT_REGISTRATION,STATION,1,RT_TAS1,"RESERVE TRADER TAS1",NEMMCO,,,,HOBART,TAS,7000,"2005/05/16 13:26:36",
D,PARTICIPANT_REGISTRATION,STATION,1,YAMBUK,"YAMBUK WIND FARM","PRINCES HIGHWAY",,,,YAMBUK,VIC,3285,"2005/07/15 11:38:14",
D,PARTICIPANT_REGISTRATION,STATION,1,MTMILLAR,"Mt Millar Wind Farm","Range Road",,,,"MOUNT MILLAR",SA,5034,"2011/01/06 11:30:30",
D,PARTICIPANT_REGISTRATION,STATION,1,WONWP,"Wonthaggi Wind Farm","CAMPBELL STREET",,,,WONTHAGGI,VIC,3995,"2011/01/06 11:28:04",
D,PARTICIPANT_REGISTRATION,STATION,1,BASSLINK,"Basslink HVDC Link","GPO Box 4066",,,,MELBOURNE,VIC,3000,"2011/01/06 11:28:04",
D,PARTICIPANT_REGISTRATION,STATION,1,BAPS,"Banimboola Power Station","Dartmonth Rd",,,,"Dartmonth ",VIC,3701,"2011/01/06 11:28:04",
D,PARTICIPANT_REGISTRATION,STATION,1,STARFHILL,"Starfish Hill Wind Farm","Yo Ho Road",,,,"CAPE JERVIS",SA,5204,"2011/01/06 11:30:30",
D,PARTICIPANT_REGISTRATION,STATION,1,CHALLWF,"Challicum Hills Wind Farm","WESTERN HIGHWAY",,,,BUANGOR,VIC,3375,"2011/01/06 11:30:30",
D,PARTICIPANT_REGISTRATION,STATION,1,CANUNDA1,"CANUNDA WIND FARM ","POONADA ROAD",,,,TANTANOOLA,SA,5280,"2006/02/07 08:09:49",
D,PARTICIPANT_REGISTRATION,STATION,1,LNGS,"Laverton North Power Station","LOT 2","CHERRY LANE",,,"LAVERTON NORTH",VIC,3026,"2011/01/06 11:30:30",
D,PARTICIPANT_REGISTRATION,STATION,1,ROWALLAN,"Rowallan Power Station",,,,,Wilmot,TAS,7310,"2011/01/06 11:28:58",
D,PARTICIPANT_REGISTRATION,STATION,1,INVICTA,"Invicta Sugar Mill","Mill St","Invicta Mill Estate",,,Giru,QLD,4809,"2013/05/15 08:54:20",
D,PARTICIPANT_REGISTRATION,STATION,1,PIONEER,"Pioneer Sugar Mill",,,,,,QLD,4825,"2006/03/29 08:20:37",
D,PARTICIPANT_REGISTRATION,STATION,1,BRAEMARA,"Braemar Power Station","128 GRAHAM ROAD",,,,DAANDINE,QLD,4406,"2011/01/06 11:28:04",
D,PARTICIPANT_REGISTRATION,STATION,1,BBP31,"Bell Bay Three Power Station","East Tamar Highway",,,,"George Town",TAS,7253,"2019/10/04 14:05:06",
D,PARTICIPANT_REGISTRATION,STATION,1,OCPS,"Oaky Creek Power Station","Oaky Creek Mine Road",,,,Tieri,QLD,4709,"2006/06/26 08:44:54",
D,PARTICIPANT_REGISTRATION,STATION,1,TATURA,"Tatura Biomass Generator","730 Dhurringile Road",,,,Tatura,VIC,3616,"2019/02/13 09:12:14",
D,PARTICIPANT_REGISTRATION,STATION,1,GERMCRK,"German Creek Power Station","Grasstree Road",,,"Grass Tree Mine","German Creek ",QLD,4746,"2011/01/06 11:28:04",
D,PARTICIPANT_REGISTRATION,STATION,1,GRANGEAV,"Grange Avenue Landfill Gas Power Station","236 Grange Avenue",,,,"Marsden Park ",NSW,2765,"2013/07/31 14:30:25",
D,PARTICIPANT_REGISTRATION,STATION,1,REMOUNT,"Remount Power Station","Remount Rd",,,,Mowbray,TAS,7248,"2011/01/06 11:30:30",
D,PARTICIPANT_REGISTRATION,STATION,1,DAANDINE,"Daandine Power Station","Lot 125, Dalby-Kogan Road",,,,"Daandine ",QLD,4405,"2015/06/30 13:37:46",
D,PARTICIPANT_REGISTRATION,STATION,1,AWABAREF,"Awaba Power Station","Wilton Rd",Awaba,,,,NSW,2283,"2011/01/06 11:30:30",
D,PARTICIPANT_REGISTRATION,STATION,1,ICSM,"ISIS Central Sugar Mill Co-generation Plant","Kevin Livingston Drive",,,,"Isis Central",QLD,4660,"2011/01/06 11:28:04",
D,PARTICIPANT_REGISTRATION,STATION,1,MORANBAH,"Moranbah Generation Project","Ergon Substation","North Goonyella Rd",,,Moranbah,Queensland,4744,"2007/03/01 08:17:04",
D,PARTICIPANT_REGISTRATION,STATION,1,KRCCOGEN,"KRC Cogeneration Plant Power Station","Mort Street",,,,Toowoomba,QLD,4350,"2011/01/06 11:28:04",
D,PARTICIPANT_REGISTRATION,STATION,1,KOGANCK,"Kogan Creek Power Station",,,,,,QLD,,"2007/04/03 10:42:57",
D,PARTICIPANT_REGISTRATION,STATION,1,LKBONNY_2,"Lake Bonney Stage 2 Windfarm","SECTION 244 ","HUNDRED MAYURRA ","NEAR MILLICENT",,TANTANOOLA,SA,5280,"2011/01/06 11:30:30",
D,PARTICIPANT_REGISTRATION,STATION,1,JNDSHPS,"Jindabyne Small Hydro Power Station","Jindabyne Dam Spillway,","Kosciusko Rd,",,,Jindabyne,NSW,2627,"2011/01/06 11:30:30",
D,PARTICIPANT_REGISTRATION,STATION,1,CONDONG1,"Condong Power Station","Mcleod Street",,,,Condong,NSW,2484,"2007/12/06 08:11:35",
D,PARTICIPANT_REGISTRATION,STATION,1,HALLWF,"Hallett 1 Wind Farm","'The Willows' Road","Off Booborwie Rd",,,Hallett,SA,5419,"2017/07/17 16:08:10",
D,PARTICIPANT_REGISTRATION,STATION,1,SNOWTOWN,"Snowtown Wind Farm Units 1 And 47","Wokurna Road",,,,Wokurna,SA,5520,"2024/01/05 14:20:43",
D,PARTICIPANT_REGISTRATION,STATION,1,PORTWF,"Portland Wind Farm","Pacific Hydro P3C Substation","Quarry Road",,,Portland,VIC,3305,"2008/01/09 07:36:37",
D,PARTICIPANT_REGISTRATION,STATION,1,BWTR1,"Broadwater Power Station","117 Pacific Highway",,,,Broadwater,NSW,2472,"2013/11/08 12:43:33",
D,PARTICIPANT_REGISTRATION,STATION,1,WDLNGN,"Woodlawn Bioreactor Energy Generation Station","619 Collector Road",,,,Tarago,NSW,2580,"2011/01/06 11:28:58",
D,PARTICIPANT_REGISTRATION,STATION,1,ERGT01,"Eraring Power Station","Rocky Point Road",,,,Eraring,NSW,2264,"2008/02/12 06:59:48",
D,PARTICIPANT_REGISTRATION,STATION,1,HEZ,"Hunter Economic Zone Power Station","Lot27 As Part Of Lot 7 Dp 1037092","Stage 2 Spine Rd",,,Abermain,NSW,2326,"2008/04/02 06:50:02",
D,PARTICIPANT_REGISTRATION,STATION,1,TALLAWAR,"Tallawarra Power Station","Yallah Bay Rd",,,,Yallah,NSW,2530,"2011/01/06 11:30:30",
D,PARTICIPANT_REGISTRATION,STATION,1,URANQ,"Uranquinty Power Station","The Crossroads",,,,Uranquinty,NSW,2652,"2008/10/27 09:28:35",
D,PARTICIPANT_REGISTRATION,STATION,1,MBAHNTH,"Moranbah North Waste Coal Mine Gas Power Station","Mine Access Rd Via Goonyella Rd",,,,Moranbah,QLD,4744,"2014/10/20 09:23:23",
D,PARTICIPANT_REGISTRATION,STATION,1,HLMSEW01,"South East Water - Halllam Hydro Plant","Se Water's Pressure Reducing Station WB058","7W Belgrave Rd And Hallam Rd",,,Hallam,VIC,3803,"2008/07/03 07:42:28",
D,PARTICIPANT_REGISTRATION,STATION,1,TITREE,"Veolia Ti Tree Bio Reactor","Champions Way",,,,Willowbank,QLD,,"2011/01/06 11:30:30",
D,PARTICIPANT_REGISTRATION,STATION,1,SHEP1,"Shepparton Wastewater Treatment Facility","200 Daldy Road","(Inside The Goulburn Valley Water Waste Treatment Facility)",,,Shepparton,VIC,3630,"2019/02/13 09:12:14",
D,PARTICIPANT_REGISTRATION,STATION,1,BBASEHOS,"Ballarat Base Hospital Plant","Base Hospital Campus","Mair Street",,,Ballarat,VIC,3350,"2011/01/06 11:28:58",
D,PARTICIPANT_REGISTRATION,STATION,1,AMCORGR,"Amcor Glass, Gawler Plant","Argent Road",,,,"Gawler Belt",SA,5118,"2011/01/06 11:28:58",
D,PARTICIPANT_REGISTRATION,STATION,1,WAUBRAWF,"WAUBRA WIND FARM","Harrisons Rd",,,,Waubra,NSW,3352,"2009/02/26 08:05:48",
D,PARTICIPANT_REGISTRATION,STATION,1,B2PS,"BRAEMAR 2 POWER STATION","Lot 27","Grahams Rd",Braemar,,"Via Dalby",QLD,4505,"2009/03/24 08:42:49",
D,PARTICIPANT_REGISTRATION,STATION,1,CLEMGPWF,"Clements Gap Wind Farm","Kirchner Road",,,,Merriton,SA,5523,"2011/01/06 11:30:30",
D,PARTICIPANT_REGISTRATION,STATION,1,HALLWF2,"Hallett 2 Wind Farm","Lot 101,","Off Range Road",,,"Mt Bryan",SA,5419,"2009/05/08 12:12:45",
D,PARTICIPANT_REGISTRATION,STATION,1,COLONGRA,"Colongra Power Station","Scenic Drive",,,,Doyalson,NSW,2262,"2009/05/19 08:55:45",
D,PARTICIPANT_REGISTRATION,STATION,1,CULLERIN,"Cullerin Range Wind Farm","Lerida Road Nth",,,,Cullerin,NSW,2581,"2011/01/06 11:30:30",
D,PARTICIPANT_REGISTRATION,STATION,1,CPSA,"Condamine Power Station A","Lot 48 BWR138,","McNulty Road",,,Miles,QLD,4415,"2009/06/01 10:35:13",
D,PARTICIPANT_REGISTRATION,STATION,1,TVCCPS,"Tamar Valley Combined Cycle Power Station","East Tamar Highway",,,,"George Town",TAS,7253,"2019/10/04 14:05:06",
D,PARTICIPANT_REGISTRATION,STATION,1,CAPTL_WF,"Capital Wind Farm","Tarago Rd",,,,Bungendore,NSW,2621,"2009/06/29 14:15:08",
D,PARTICIPANT_REGISTRATION,STATION,1,STHBKTEC,"Southbank Institute Of Technology Unit 1 Plant","Ernst St",,,,"South Brisbane",QLD,4101,"2011/01/06 11:30:30",
D,PARTICIPANT_REGISTRATION,STATION,1,DDPS1,"Darling Downs Power Station","Grahams Rd (Via Dalby-Kogan Rd)",,,,Kogan,QLD,4406,"2011/01/06 11:30:30",
D,PARTICIPANT_REGISTRATION,STATION,1,CODRGTON,"Codrington Wind Farm","Princess Highway",,,,Codrington,VIC,3285,"2010/01/06 08:31:59",
D,PARTICIPANT_REGISTRATION,STATION,1,BDONGHYD,"Burrendong Hydro Power Station","Burrrendong Dam Via Wellington",,,,Wellington,NSW,2820,"2010/01/06 08:45:23",
D,PARTICIPANT_REGISTRATION,STATION,1,COPTNHYD,"Copeton Hydro Power Station","Copeton Dam Via Inverell",,,,Inverell,NSW,2360,"2010/01/06 08:45:23",
D,PARTICIPANT_REGISTRATION,STATION,1,GLBWNHYD,"Glenbawn Hydro Power Station","Glenbawn Dam Via Scone",,,,Scone,NSW,2337,"2010/01/06 08:45:23",
D,PARTICIPANT_REGISTRATION,STATION,1,YWNGAHYD,"Yarrawonga Hydro Power Station","Burley Rd",,,,Yarrawonga,VIC,3730,"2010/01/06 08:45:23",
D,PARTICIPANT_REGISTRATION,STATION,1,EASTCRK2,"Eastern Creek 2 Gas Utilisation Facility","Eastern Creek Waste Management Centre","Wallgrove Road",,,"Eastern Creek",NSW,2766,"2019/12/20 14:57:51",
D,PARTICIPANT_REGISTRATION,STATION,1,WILGAPK,"Wilga Park Power Station","Kiandool Rd",,,,Narrabri,NSW,2390,"2011/01/06 11:30:30",
D,PARTICIPANT_REGISTRATION,STATION,1,APPIN,"Appin Power Plant","Northhampton Dale Rd",,,,Appin,NSW,2560,"2010/01/06 08:51:41",
D,PARTICIPANT_REGISTRATION,STATION,1,BERWICK,"Berwick Power Plant","Berwick Landfill","Quarry Road",,,"Narre Warren North",VIC,3804,"2010/01/06 08:51:41",
D,PARTICIPANT_REGISTRATION,STATION,1,BROADMDW,"Broadmeadows Landfill Gas Power Station","Broadmeadows Landfill","Onslow Ave",,,Broadmeadows,VIC,3047,"2015/03/19 16:05:20",
D,PARTICIPANT_REGISTRATION,STATION,1,CLAYTON,"Clayton Landfill Gas Power Station","Clayton Landfill","Cnr Deals And Ryans Rd",,,"Clayton South",VIC,3169,"2013/11/07 09:03:18",
D,PARTICIPANT_REGISTRATION,STATION,1,LUCASHGT,"Lucas Heights II Power Plant","Lucas Height Landfill","Little Forest Road",,,Menai,NSW,2234,"2010/01/06 08:51:41",
D,PARTICIPANT_REGISTRATION,STATION,1,TOWER,"Tower Power Plant","Douglas Park Drive",,,,"Douglas Park",NSW,2569,"2020/01/30 14:25:17",
D,PARTICIPANT_REGISTRATION,STATION,1,GLENNCRK,"Glennies Creek Power Station","Glennies Creek Coal Mine",,,,Singleton,NSW,2330,"2010/01/06 08:53:01",
D,PARTICIPANT_REGISTRATION,STATION,1,WYANGALA,"Wyangala A Power Station","Warrah Rd",,,,"Wyangala Village",NSW,2808,"2011/01/06 11:28:04",
D,PARTICIPANT_REGISTRATION,STATION,1,WYANGALB,"Wyangala B Power Station","Warrah Rd",,,,"Wyangala Villiage",NSW,2808,"2011/01/06 11:28:04",
D,PARTICIPANT_REGISTRATION,STATION,1,JOUNAMA,"Jounama Small Hydro Power Station","Jounama Dam Road Via Snowy Mountains Hwy",,,,Talbingo,NSW,2720,"2010/03/12 08:25:14",
D,PARTICIPANT_REGISTRATION,STATION,1,WESTCBT,"Western Suburbs League Club (Campbelltown) Plant","10 Old Leumeah Road",,,,Leumeah,NSW,2560,"2010/04/19 09:09:56",
D,PARTICIPANT_REGISTRATION,STATION,1,SYMEX,"Symex Power Plant","14 Woodruff St",,,,"Port Melbourne",VIC,3207,"2011/01/06 11:28:58",
D,PARTICIPANT_REGISTRATION,STATION,1,WESTILLA,"West Illawarra Leagues Club Plant","1 Hargreaves St",,,,Unanderra,NSW,2526,"2011/01/06 11:28:58",
D,PARTICIPANT_REGISTRATION,STATION,1,YARWUN,"Yarwun Power Station","975 Hanson Road",,,,Gladstone,QLD,4680,"2010/06/29 12:03:03",
D,PARTICIPANT_REGISTRATION,STATION,1,LKBONNY3,"Lake Bonney Stage 3 Wind Farm","Canunda Frontage Road",,,,Tantanoola,SA,5280,"2010/07/01 09:32:01",
D,PARTICIPANT_REGISTRATION,STATION,1,NBHWF,"North Brown Hill Wind Farm","Gilfillan Rd",,,,Jamestown,SA,54891,"2017/07/17 16:08:10",
D,PARTICIPANT_REGISTRATION,STATION,1,BANKSPT,"Bankstown Sports Club Plant Units","8 Greenfield Parade",,,,Bankstown,NSW,220,"2011/01/06 11:28:58",
D,PARTICIPANT_REGISTRATION,STATION,1,WATERLWF,"Waterloo Wind Farm","Shultz Rd",,,,Waterloo,TAS,,"2010/08/19 15:00:49",
D,PARTICIPANT_REGISTRATION,STATION,1,NINEWIL,"Nine Network Willoughby Plant","24 Artarmon Road",,,,Willoughby,NSW,2068,"2010/10/07 08:45:05",
D,PARTICIPANT_REGISTRATION,STATION,1,STGEORGE,"St George Leagues Plant","124 Princes Highway",,,,Kogarah,NSW,2217,"2019/12/19 13:01:44",
D,PARTICIPANT_REGISTRATION,STATION,1,TATIARA,"Tataria Bordertown Plant","Meatworks Road",,,,Bordertown,SA,5268,"2010/11/04 08:05:49",
D,PARTICIPANT_REGISTRATION,STATION,1,STANVAC,"Pt Stanvac Power Station","Lot 100","Refinery Road",,,Lonsdale,SA,5160,"2010/12/16 08:09:51",
D,PARTICIPANT_REGISTRATION,STATION,1,VPGS,"Valley Power Peaking Facility","Barton's Lane",,,,Traralgon,VIC,3844,"2012/01/31 08:35:52",
D,PARTICIPANT_REGISTRATION,STATION,1,GUNNING,"Gunning Wind Farm","Gurrundah Road",,,,Gurrandah,NSW,2581,"2011/03/24 08:50:34",
D,PARTICIPANT_REGISTRATION,STATION,1,WOODLWN,"Woodlawn Wind Farm",,,,,Tarago,NSW,2580,"2011/05/02 09:56:40",
D,PARTICIPANT_REGISTRATION,STATION,1,HEPWIND,"Hepburn Community Wind Farm","2040 Ballan-Daylesford Rd",,,,"Leonards Hill",VIC,3461,"2011/06/16 14:25:44",
D,PARTICIPANT_REGISTRATION,STATION,1,BLUFF,"The Bluff Wind Farm","Wilkins Highway",,,,Hallett,SA,5419,"2011/07/04 13:12:34",
D,PARTICIPANT_REGISTRATION,STATION,1,MORTLK,"Mortlake Power Station","1154 Connewarren Lane",,,,Mortlake,VIC,3272,"2011/07/29 14:37:16",
D,PARTICIPANT_REGISTRATION,STATION,1,OAKLAND,"Oaklands Hill Wind Farm","Glenthompson-Caramut Road",,,,Glenthompson,VIC,3293,"2011/08/04 11:40:00",
D,PARTICIPANT_REGISTRATION,STATION,1,VICMILL,"Victoria Mill","Forest Beach Rd",,,,Ingham,QLD,4850,"2011/08/08 11:57:22",
D,PARTICIPANT_REGISTRATION,STATION,1,HALAMRD,"HALLAM ROAD RENEWABLE ENERGY FACILITY","274 Hallam Road",,,,"Hampton Park",VIC,3976,"2011/11/09 09:20:13",
D,PARTICIPANT_REGISTRATION,STATION,1,BLULAKE,"Blue Lake Milling Power Plant","Pigeon Flat Road",,,,Bordertown,SA,5268,"2011/12/20 11:09:59",
D,PARTICIPANT_REGISTRATION,STATION,1,BPLANDF,"Browns Plains Landfill Gas PS","349 Brown Plains Road",,,,"Heritage Park",QLD,4118,"2012/03/30 09:07:33",
D,PARTICIPANT_REGISTRATION,STATION,1,MACARTH,"Macarthur Wind Farm","Macarthur-Hawkesdale Road",,,,Macarthur,VIC,3286,"2012/08/20 11:33:47",
D,PARTICIPANT_REGISTRATION,STATION,1,RACOMIL,"Racecourse Mill Power Station","Peak Downs Highway",Racecourse,,,Mackay,QLD,4740,"2012/11/07 15:34:48",
D,PARTICIPANT_REGISTRATION,STATION,1,MLWF,"Mortons Lane Wind Farm","300 Mortons Lane",,,,Nareeb,VIC,3293,"2012/11/08 11:20:38",
D,PARTICIPANT_REGISTRATION,STATION,1,MUSSELRO,"Musselroe Wind Farm","Cape Portland Road",,,,"Musselroe Bay",TAS,7264,"2013/03/07 14:06:23",
D,PARTICIPANT_REGISTRATION,STATION,1,THEDROP,"The Drop Power Station","Mulwala Canal","Corner Of Berrigan Road And Melrose Lane",,,Barooga,NSW,3644,"2013/03/08 15:35:22",
D,PARTICIPANT_REGISTRATION,STATION,1,HIGHBRY,"Highbury Landfill Gas Power Station","Halls Road",,,,Highbury,SA,5089,"2013/03/27 17:00:03",
D,PARTICIPANT_REGISTRATION,STATION,1,PEDLER,"Pedler Creek Landfill Gas Power Station Units 1-3","Wheaton Road",,,,"Seaford Heights",SA,5169,"2015/03/19 16:05:20",
D,PARTICIPANT_REGISTRATION,STATION,1,WINGF1,"Wingfield 1 Landfill Gas Power Station","23-29 Nixon Road",,,,Wingfield,SA,5013,"2013/03/27 17:05:34",
D,PARTICIPANT_REGISTRATION,STATION,1,TEATREE,"Tea Tree Gully Landfill Gas Power Station","Smart Road",,,,"St Agnes",SA,5097,"2013/03/27 17:08:28",
D,PARTICIPANT_REGISTRATION,STATION,1,WINGF2,"Wingfield 2 Landfill Gas Power Station","Hanson Road",,,,Wingfield,SA,5013,"2013/03/27 17:10:25",
D,PARTICIPANT_REGISTRATION,STATION,1,WOLLERT,"Wollert Renewable Energy Facility","45-135 Bridge In Road",,,,Wollert,VIC,3750,"2013/06/11 08:03:30",
D,PARTICIPANT_REGISTRATION,STATION,1,TGNSS,"Traralgon Network Support Station","73-83 Eastern Road",,,,Traralgon,VIC,3844,"2013/06/11 17:48:31",
D,PARTICIPANT_REGISTRATION,STATION,1,CORIO,"Corio Landfill Gas Power Station","Biddlecomb Road",,,,Corio,VIC,3241,"2013/07/12 15:26:08",
D,PARTICIPANT_REGISTRATION,STATION,1,CESF,"Capital East Solar Farm","1475 Tarago Road",,,,Bungendore,NSW,2621,"2013/09/06 16:18:02",
D,PARTICIPANT_REGISTRATION,STATION,1,SNOWSTH,"Snowtown South Wind Farm","Lochiel - Snowtown Road",,,,Snowtown,SA,5520,"2013/09/06 16:19:19",
D,PARTICIPANT_REGISTRATION,STATION,1,SNOWNTH,"Snowtown Wind Farm Stage 2 North","Lochiel - Snowtown Road",,,,Snowtown,SA,5520,"2013/09/06 17:04:34",
D,PARTICIPANT_REGISTRATION,STATION,1,SVALE,"Springvale Landfill Gas Power Station","Clarke Road",,,,Springvale,VIC,3172,"2013/10/11 10:24:30",
D,PARTICIPANT_REGISTRATION,STATION,1,MTMERCER,"Mt Mercer Wind Farm","286 Shelford-Mt Mercer Rd",,,,"Mt Mercer",VIC,3352,"2013/10/11 14:49:13",
D,PARTICIPANT_REGISTRATION,STATION,1,GULLRGWF,"Gullen Range Wind Farm","280 Storriers Lane",,,,Bannister,NSW,2580,"2013/11/18 12:56:22",
D,PARTICIPANT_REGISTRATION,STATION,1,GLENMAGG,"Glenmaggie Hydro Power Station","Off Glenmaggie Lake Weir Wall, Ryans Road",,,,Glenmaggie,VIC,3858,"2013/12/18 09:13:41",
D,PARTICIPANT_REGISTRATION,STATION,1,EILDONPD,"Eildon Power Station","Off Eildon Pondage Weir Wall","Back Eildon Road",,,Eildon,VIC,3713,"2013/12/18 09:14:30",
D,PARTICIPANT_REGISTRATION,STATION,1,WILLHOV,"William Hovell Power Station","Off Lake William Hovell Weir Wall","Upper Kind River Road",,,Cheshunt,VIC,3678,"2013/12/18 09:15:13",
D,PARTICIPANT_REGISTRATION,STATION,1,MIDLDPS,"Midlands Power Station","546 Verwood Road",,,,Ross,TAS,7209,"2014/01/29 09:40:43",
D,PARTICIPANT_REGISTRATION,STATION,1,AS_NSW1,"Station ID - Dummy (NSCAS)",,,,,Dummy,NSW,2000,"2014/01/30 12:28:32",
D,PARTICIPANT_REGISTRATION,STATION,1,ROYALLA,"Royalla Solar Farm","""Bellview""","8827 Monaro Highway",,,Tuggeranong,ACT,2901,"2014/05/05 10:49:27",
D,PARTICIPANT_REGISTRATION,STATION,1,WOYWOY,"Woy Woy Landfill Site","Lot 3","Dp 600393","Nagari Road",,"Woy Woy",NSW,2256,"2014/07/24 10:38:59",
D,PARTICIPANT_REGISTRATION,STATION,1,WILGAPKB,"Wilga Park B","Kiandool Rd",,,,Narrabri,NSW,2390,"2014/08/04 10:32:11",
D,PARTICIPANT_REGISTRATION,STATION,1,KINCUMB,"Kincumber Landfill Site","Lot 1","Dp 12437","Cullens Road",,Kincumber,NSW,2251,"2014/08/25 11:03:36",
D,PARTICIPANT_REGISTRATION,STATION,1,BOCOROCK,"Boco Rock Wind Farm","Avon Lake Road",,,,Springfield,NSW,2630,"2014/08/28 16:26:42",
D,PARTICIPANT_REGISTRATION,STATION,1,TARALGA,"Taralga Wind Farm","Corner Of Taralga Road And Old Show Ground Road",,,,Taralga,NSW,2580,"2014/12/10 09:34:54",
D,PARTICIPANT_REGISTRATION,STATION,1,NYNGAN,"Nyngan Solar Plant","Nyngan Solar Plant","Lot 34","Barrier Highway","Nyngan, NSW, 2825",Nyngan,NSW,2825,"2024/06/21 16:10:37",
D,PARTICIPANT_REGISTRATION,STATION,1,BOLIVAR,"Bolivar Waste Water Treatment Plant","Lts 4,5,6,7,8,9 Hodgson Road",,,,Bolivar,SA,5110,"2021/11/12 15:57:03",
D,PARTICIPANT_REGISTRATION,STATION,1,BHWF,"Bald Hills Wind Farm","1080 Buffalo - Waratah Road",,,,"Tarwin Lower",VIC,3956,"2015/01/28 13:12:10",
D,PARTICIPANT_REGISTRATION,STATION,1,CHPSTWF,"Chepstowe Wind Farm","Chepstowe-Pittong Road",,,,Chepstowe,VIC,3351,"2015/03/23 15:05:50",
D,PARTICIPANT_REGISTRATION,STATION,1,TAHMOOR,"Tahmoor Waste Coal Mine Gas Power Station","Gate 3 Tahmoor Colliery","Remembrance Drive",,,Tahmoor,NSW,2573,"2015/06/30 13:41:32",
D,PARTICIPANT_REGISTRATION,STATION,1,BROKENH,"Broken Hill Solar Plant","Lot 1 Dp 1191197","Barrier Highway",,,"Broken Hill",NSW,2880,"2024/06/28 15:20:48",
D,PARTICIPANT_REGISTRATION,STATION,1,MOREESF,"MOREE SOLAR FARM","Bartons Road Pk 2.2",,,,Moree,NSW,2400,"2016/02/08 12:04:44",
D,PARTICIPANT_REGISTRATION,STATION,1,CBWF,"Coonoer Bridge Wind Farm","Via Charlton Victoria",,,,,VIC,,"2016/02/08 13:24:47",
D,PARTICIPANT_REGISTRATION,STATION,1,OAKY2,"Oaky Creek 2","Grasstree Rd Via Tiera",,,,,QLD,4709,"2016/04/01 10:07:30",
D,PARTICIPANT_REGISTRATION,STATION,1,GEORGTWN,"GEORGE TOWN DIESEL","East Tamar Highway",,,,"Bell Bay",TAS,7253,"2016/03/17 10:53:31",
D,PARTICIPANT_REGISTRATION,STATION,1,PORTLATT,"Port Latta Diesel Generator","Port Latta Substation","Bass Highway",,,"Port Latta",TAS,7321,"2016/03/24 10:40:26",
D,PARTICIPANT_REGISTRATION,STATION,1,QUERIVER,"Que River Diesel","Que River Mine Site","Que River Road","Murchison Highway",,Waratah,TAS,7321,"2016/04/04 14:07:56",
D,PARTICIPANT_REGISTRATION,STATION,1,BBDISEL1,"Bell Bay Power Station","East Tamar Highway",,,,"Bell Bay",TAS,7253,"2016/05/10 16:12:12",
D,PARTICIPANT_REGISTRATION,STATION,1,HORNSDAL,"Hornsdale Wind Farm","Sec 188 Tarcowie Caltowie Road",,,,Caltowie,SA,5460,"2016/06/01 11:04:24",
D,PARTICIPANT_REGISTRATION,STATION,1,ARWF,"Ararat Wind Farm","Pyrenees Highway",,,,Ararat,VIC,3377,"2016/06/22 11:47:49",
D,PARTICIPANT_REGISTRATION,STATION,1,MLSP,"Mugga Lane Solar Park","Monaro Highway And Mugga Lane",,,,Tuggeranong,ACT,2900,"2016/11/11 15:24:44",
D,PARTICIPANT_REGISTRATION,STATION,1,AGLSITA,"AGL KEMPS CREEK","1725 Elizabeth Dr",,,,"Kemps Creek",NSW,2555,"2016/11/18 08:20:50",
D,PARTICIPANT_REGISTRATION,STATION,1,BARCSF,"Barcaldine Solar Farm","Lots 33 -35, Capricon Highway",,,,Barcaldine,QLD,4725,"2019/02/13 09:12:14",
D,PARTICIPANT_REGISTRATION,STATION,1,GROSV1,"Grosvenor 1 Waste Coal Mine Gas Power Station","Goonyella Road",,,,Moranbah,QLD,4744,"2017/01/23 07:55:52",
D,PARTICIPANT_REGISTRATION,STATION,1,HORNSDAL2,"Hornsdale Wind Farm 2","Sec 188 Caltowie-Tarcowie Road",,,,"Caltowie North",SA,5490,"2017/02/17 11:54:23",
D,PARTICIPANT_REGISTRATION,STATION,1,VALDORA,SCSF,"909 Yandina Coolum Road",,,,Valdora,QLD,4561,"2019/02/13 09:12:14",
D,PARTICIPANT_REGISTRATION,STATION,1,WRWF1,"White Rock Wind Farm","Off Gywdir Highway",,,,Matheson,NSW,2370,"2018/08/20 15:08:28",
D,PARTICIPANT_REGISTRATION,STATION,1,STAPYLTON,"Stapylton Renewable Energy Facility","32 Rossmans Road",,,,Stapylton,QLD,4207,"2017/07/17 15:09:37",
D,PARTICIPANT_REGISTRATION,STATION,1,MELBRL,"Melbourne Regional Landfill","1100-1152 Christies Road",,,,Ravenhall,VIC,3023,"2017/07/28 10:49:39",
D,PARTICIPANT_REGISTRATION,STATION,1,HORNSDAL3,"Hornsdale Wind Farm 3","Sec 188 Caltowie Tarcowie Road",,,,"Caltowie North",SA,5490,"2017/08/14 15:19:47",
D,PARTICIPANT_REGISTRATION,STATION,1,ENOCSTA,"ENOC MSAP VIC","Multiple Sites","Multiple Sites",,,Melbourne,VIC,3000,"2017/09/20 16:18:05",
D,PARTICIPANT_REGISTRATION,STATION,1,GROSV2,"Grosvenor 2","Goonyella Road",,,,Moranbah,QLD,4744,"2017/09/26 11:44:11",
D,PARTICIPANT_REGISTRATION,STATION,1,SATGN,"Temporary Generation North","180 Phillip Highway",,,,Elizabeth,SA,5112,"2017/10/19 11:56:27",
D,PARTICIPANT_REGISTRATION,STATION,1,SATGS,"Temporary Generation South","Lot 12 Chrysler Road",,,,Lonsdale,SA,5160,"2017/10/19 11:56:27",
D,PARTICIPANT_REGISTRATION,STATION,1,ENOCNSW,"ENOC MSAP NSW","Multiple Sites","Multiple Sites",,,Sydney,NSW,2000,"2017/10/20 13:41:01",
D,PARTICIPANT_REGISTRATION,STATION,1,KIATAWF,"Kiata Wind Farm","Corner Coker Dam Road And Salisbury South Road",,,,Kiata,VIC,3418,"2017/11/02 10:39:25",
D,PARTICIPANT_REGISTRATION,STATION,1,HORNSDPR,"Hornsdale Power Reserve","Sec 188 Tarcowie Caltowie Road",,,,Caltowie,SA,5490,"2017/11/13 11:40:52",
D,PARTICIPANT_REGISTRATION,STATION,1,YSWF,"Yaloak South Wind Farm","2043 Glenmore Road",,,,"Mount Wallace",VIC,3342,"2017/11/21 15:04:15",
D,PARTICIPANT_REGISTRATION,STATION,1,KSP1,"Kidston Solar Project","Lot 2 Gilbertson Road",,,,Kidston,QLD,4871,"2017/11/22 09:14:13",
D,PARTICIPANT_REGISTRATION,STATION,1,SAPHWF1,"Sapphire Wind Farm","Waterloo Road",,,,Woodstock,NSW,2360,"2017/12/06 13:51:19",
D,PARTICIPANT_REGISTRATION,STATION,1,GRIFSF,"Griffith Solar Farm","Hamilton Road",,,,Yoogali,NSW,2680,"2017/12/12 15:29:48",
D,PARTICIPANT_REGISTRATION,STATION,1,PSF,"Parkes Solar Farm","Lot 401 / Dp 1227784, Pat Meredith Drive",,,,Parkes,NSW,2870,"2017/12/12 15:31:38",
D,PARTICIPANT_REGISTRATION,STATION,1,MAROOWF1,"Maroona Wind Farm","961 Andrews Lane",,,,Maroona,VIC,3377,"2017/12/28 12:11:25",
D,PARTICIPANT_REGISTRATION,STATION,1,ENOCQLD,"ENOC MASP QLD","Multiple Sites","Multiple Sites",,,Brisbane,QLD,4000,"2018/01/12 10:47:43",
D,PARTICIPANT_REGISTRATION,STATION,1,HUGSF,"Hughenden Solar Farm","Lot 2 McLaren Street",,,,Hughenden,QLD,4821,"2018/01/24 10:26:06",
D,PARTICIPANT_REGISTRATION,STATION,1,CLARESF,"Clare Solar Farm","82, 124, 196 Shadforth Road",,,,Clare,QLD,4807,"2018/02/13 13:38:02",
D,PARTICIPANT_REGISTRATION,STATION,1,STWF,"Silverton Wind Farm","Daydream Mine Road",,,,Silverton,NSW,2880,"2018/02/23 14:15:39",
D,PARTICIPANT_REGISTRATION,STATION,1,LRSF,"Longreach Solar Farm","Camden Park, 50758 Landsborough Highway",,,,Longreach,QLD,4730,"2018/03/02 12:05:41",
D,PARTICIPANT_REGISTRATION,STATION,1,GANNSF,"Gannawarra Solar Farm","Lot 20 TP487486M","Lalbert-Kerang Road",,,Wandella,VIC,3579,"2018/03/16 12:53:05",
D,PARTICIPANT_REGISTRATION,STATION,1,SMCSF,"Sun Metals Solar Farm","1 Zinc Avenue",Stuart,,,Townsville,QLD,4810,"2018/03/29 15:20:34",
D,PARTICIPANT_REGISTRATION,STATION,1,MANSLR,"Manildra Solar Farm","1869 Packham Drive",,,,Manildra,NSW,2865,"2018/04/19 12:31:43",
D,PARTICIPANT_REGISTRATION,STATION,1,SKSF,"South Keswick Solar Farm","19L Sheraton Road",,,,Dubbo,NSW,2830,"2018/04/20 15:17:07",
D,PARTICIPANT_REGISTRATION,STATION,1,NASF,"Narromine Solar Farm","298 Eumungerie Road",,,,Narromine,NSW,2821,"2018/04/23 10:40:01",
D,PARTICIPANT_REGISTRATION,STATION,1,ASTHYD1,"HydroTas MASP TAS","Multiple Sites","Multiple Sites",,,Hobart,TAS,7008,"2018/04/27 16:16:21",
D,PARTICIPANT_REGISTRATION,STATION,1,BNGSF1,"Bungala One Solar Farm","Warrakimbo Road",,,,"Port Augusta",SA,5700,"2018/04/30 11:38:08",
D,PARTICIPANT_REGISTRATION,STATION,1,HAMISF,"Hamilton Solar Farm","Lot 2, Rp 742329, Strathmore Road",,,,Springlands,QLD,4804,"2018/05/25 14:53:27",
D,PARTICIPANT_REGISTRATION,STATION,1,SALTCRK,"Salt Creek Wind Farm","Hexham-Woorndoo Road",,,,Woorndoo,VIC,3273,"2018/05/25 14:54:20",
D,PARTICIPANT_REGISTRATION,STATION,1,WHITSF,"Whitsunday Solar Farm","Lot 2, Rp 742329, Strathmore Road",,,,Collinsville,QLD,4804,"2018/05/25 14:56:17",
D,PARTICIPANT_REGISTRATION,STATION,1,MTGELWF,"Mt Gellibrand Wind Farm","Mooleric Road",,,,Ombersley,VIC,3241,"2018/05/30 16:15:28",
D,PARTICIPANT_REGISTRATION,STATION,1,DALNTH,"Dalrymple North BESS","Little Glory Road",,,,Stansbury,SA,5582,"2018/06/04 11:08:50",
D,PARTICIPANT_REGISTRATION,STATION,1,RRSF,"Ross River Solar Farm","160 Round Mountain Road",,,,Pinnacles,QLD,4815,"2018/06/22 11:21:51",
D,PARTICIPANT_REGISTRATION,STATION,1,DDSF,"Darling Downs Solar Farm","119 Grahams Road",,,,Kogan,QLD,4406,"2018/06/25 12:27:01",
D,PARTICIPANT_REGISTRATION,STATION,1,BODWF,"Bodangora Wind Farm","Bodangora Wind Farm, Gillinghall Road",,,,Bodangora,NSW,2802,"2018/07/09 10:31:16",
D,PARTICIPANT_REGISTRATION,STATION,1,BANNSP,"Bannerton Solar Park","Anzac Road",,,,Bannerton,VIC,3549,"2018/07/09 15:32:05",
D,PARTICIPANT_REGISTRATION,STATION,1,WGWF,"Willogoleche Wind Farm","Wilkins Highway",,,,Hallett,SA,5419,"2018/07/20 16:10:41",
D,PARTICIPANT_REGISTRATION,STATION,1,BNGSF2,"Bungala Two Solar Farm","Lot 91 Maybank Road",,,,Emeroo,SA,5700,"2018/07/30 14:11:13",
D,PARTICIPANT_REGISTRATION,STATION,1,CSPVPS,"Collinsville Solar PV Power Station","1 Powerhouse Road",,,,Collinsville,QLD,4804,"2018/07/30 14:18:36",
D,PARTICIPANT_REGISTRATION,STATION,1,CROOKWF2,"Crookwell 2 Wind Farm","153 Woodhouselee Road",,,,Crookwell,NSW,2583,"2018/07/31 15:06:23",
D,PARTICIPANT_REGISTRATION,STATION,1,MEWF,"Mount Emerald Wind Farm","Lot 7, Kippen Drive",,,,Arriga,QLD,4880,"2018/08/13 11:09:11",
D,PARTICIPANT_REGISTRATION,STATION,1,WRSF1,"White Rock Solar Farm","Off Gywdir Highway",,,,Matheson,NSW,2370,"2018/08/20 15:08:28",
D,PARTICIPANT_REGISTRATION,STATION,1,COLEASF,"Coleambally Solar Farm","Kook Rd",,,,Coleambally,NSW,2707,"2018/08/31 14:34:55",
D,PARTICIPANT_REGISTRATION,STATION,1,BAKING,"Baking Board Solar Farm","168 Sturgess-Baking Board Road",,,,"Baking Board",QLD,4413,"2018/09/07 16:21:54",
D,PARTICIPANT_REGISTRATION,STATION,1,EMERASF,"Emerald Solar Park","Lot 138 Munro Road",,,,Emerald,QLD,4720,"2018/09/12 16:08:09",
D,PARTICIPANT_REGISTRATION,STATION,1,DAYDSF,"Daydream Solar Farm","Lot 2 On RP742329, Bowen Developmental Road",,,,Springlands,QLD,4804,"2018/09/27 14:32:37",
D,PARTICIPANT_REGISTRATION,STATION,1,HAYMSF,"Hayman Solar Farm","Lot 2 On RP742329, Bowen Developmental Road",,,,Springlands,QLD,4804,"2018/09/27 14:49:37",
D,PARTICIPANT_REGISTRATION,STATION,1,TIMWEST,"Timboon West Wind Farm","101 East And West Road",,,,"Timboon West",VIC,3268,"2018/10/08 11:14:33",
D,PARTICIPANT_REGISTRATION,STATION,1,KARSF,"Karadoc Solar Farm","Birkins Road",,,,Mildura,VIC,3500,"2018/10/08 14:23:45",
D,PARTICIPANT_REGISTRATION,STATION,1,ENOCSA,"ENOC MASP SA","Multiple Sites","Multiple Sites",,,Adelaide,SA,5000,"2018/10/15 12:13:11",
D,PARTICIPANT_REGISTRATION,STATION,1,BALBESS,"Ballarat Battery Energy Storage System","Ballarat Terminal Station","124 Coulsons Road",,,Warrenheip,VIC,3352,"2018/11/02 15:29:34",
D,PARTICIPANT_REGISTRATION,STATION,1,WEMENSF1,"Wemen Solar Farm","114 Booth Rd",,,,Liparoo,VIC,3549,"2018/11/05 12:59:41",
D,PARTICIPANT_REGISTRATION,STATION,1,CROWLWF,"Crowlands Wind Farm","631 Spring Flat Road",,,,Crowlands,VIC,3377,"2018/11/05 13:24:25",
D,PARTICIPANT_REGISTRATION,STATION,1,GANNBESS,"Gannawarra Energy Storage System","Lalbert-Kerang Road",,,,Wandella,VIC,3579,"2018/11/05 14:36:46",
D,PARTICIPANT_REGISTRATION,STATION,1,YAWWF,"Yawong Wind Farm","466 Yeungroon-Coonooer Road",,,,"Yawong Hills",VIC,3478,"2018/11/12 10:23:40",
D,PARTICIPANT_REGISTRATION,STATION,1,ASNACTEW,"ActewAGL VPP","Multiple Sites","Multiple Sites",,,Sydney,NSW,2000,"2018/12/10 09:56:02",
D,PARTICIPANT_REGISTRATION,STATION,1,SRSF,"Susan River Solar Farm","2123 Maryborough Hervey Bay Road",,,,"Susan River",QLD,4655,"2018/12/17 08:40:07",
D,PARTICIPANT_REGISTRATION,STATION,1,CHILDSF,"Childers Solar Farm","27265 Bruce Highway",,,,"Isis River",QLD,4660,"2019/01/24 17:10:32",
D,PARTICIPANT_REGISTRATION,STATION,1,TBSF,"Tailem Bend Solar Project 1","261 Lime Kiln Road",,,,"Tailem Bend",SA,5260,"2019/02/01 14:32:03",
D,PARTICIPANT_REGISTRATION,STATION,1,LGAPWF1,"Lincoln Gap Wind Farm","Eyre Highway",,,,"Port Augusta",SA,5700,"2019/02/04 15:56:52",
D,PARTICIPANT_REGISTRATION,STATION,1,LILYVASF,"Lilyvale Solar Farm","1185 Mt Stuart Road","(lot 14 SP125736 And Lot 100 Of SP260668)",,,Tieri,QLD,4709,"2019/02/04 16:02:54",
D,PARTICIPANT_REGISTRATION,STATION,1,OAKEY1SF,"Oakey 1 Solar Farm","12871 Warrego Highway",,,,Oakey,QLD,4401,"2019/03/08 15:53:34",
D,PARTICIPANT_REGISTRATION,STATION,1,MUWAWF,"Murra Warra Wind Farm","Alisa Wheet Road",,,,"Murra Warra",VIC,3401,"2019/03/15 15:56:43",
D,PARTICIPANT_REGISTRATION,STATION,1,BERYLSF,"Beryl Solar Farm","245 Beryl Road",,,,Gulgong,NSW,2582,"2019/04/10 13:06:15",
D,PARTICIPANT_REGISTRATION,STATION,1,NUMURKSF,"Numurkah Solar Farm","408 Wunghnu Road",,,,Drumanure,VIC,3636,"2019/05/03 16:44:41",
D,PARTICIPANT_REGISTRATION,STATION,1,HAUGHT1,"Haughton Solar Farm Stage 1, Units 1-81","Keith Venables Road",,,,"Upper Haughton",QLD,4809,"2019/05/24 16:03:24",
D,PARTICIPANT_REGISTRATION,STATION,1,RUGBYR,"Rugby Run Solar Farm","633 Rugby Run Road","1530 Wuthung Road",,,Moranbah,QLD,4744,"2019/05/24 16:05:20",
D,PARTICIPANT_REGISTRATION,STATION,1,ASSEL,"Energy Locals SA VPP","Multiple Sites","Multiple Sites",,,Adelaide,SA,5000,"2019/05/31 16:16:45",
D,PARTICIPANT_REGISTRATION,STATION,1,COOPGWF,"Coopers Gap Wind Farm","Niagara Road Near Corner Of Bunya Hwy",,,,Boyneside,QLD,4610,"2019/06/03 09:54:38",
D,PARTICIPANT_REGISTRATION,STATION,1,CLERMSF,"Clermont Solar Farm","397 Alpha Bypass Road",,,,Clermont,QLD,4721,"2019/06/17 12:20:33",
D,PARTICIPANT_REGISTRATION,STATION,1,YENDONWF,"Yendon Wind Farm","Central Highlands",,,,Yendon,VIC,3352,"2019/06/17 15:11:20",
D,PARTICIPANT_REGISTRATION,STATION,1,OAKEY2SF,"Oakey 2 Solar Farm","12871 Warrego Highway",,,,Oakey,QLD,4401,"2019/08/30 16:33:12",
D,PARTICIPANT_REGISTRATION,STATION,1,MBPS2,"Murray Bridge-Onkaparinga Pipeline Pumping Station No 2","Lot 147 Monarto Road",,,,"Rocky Gully",SA,5253,"2022/01/07 14:18:14",
D,PARTICIPANT_REGISTRATION,STATION,1,DRFIIN02,"DR FIRM INTRA T 2","Single Site",,,,"St Leonards",TAS,7250,"2024/02/02 14:03:29",
D,PARTICIPANT_REGISTRATION,STATION,1,BOMENSF,"Bomen Solar Farm","Trahairs Road",,,,"Wagga Wagga",NSW,2650,"2020/03/13 13:47:10",
D,PARTICIPANT_REGISTRATION,STATION,1,BULGANA,"Bulgana Green Power Hub","Vances Crossing Road",,,,"Joel Joel",VIC,3384,"2020/05/11 11:07:41",
D,PARTICIPANT_REGISTRATION,STATION,1,GOONSF,"Goonumbla Solar Farm","42 Pat Meredith Drive",,,,Parkes,NSW,2870,"2020/05/11 11:08:55",
D,PARTICIPANT_REGISTRATION,STATION,1,JUNEESF,"Junee Solar Farm","346 Old Sydney Road",,,,Marinna,NSW,2663,"2021/05/21 15:13:54",
D,PARTICIPANT_REGISTRATION,STATION,1,DRXSQS01,"DR ENELX S2","Multiple Sites","Multiple Sites",,,Adelaide,SA,5000,"2024/12/20 11:03:34",
D,PARTICIPANT_REGISTRATION,STATION,1,MLLFGEF,"Mugga Lane Landfill Gas To Energy Facility","499 Mugga Lane Jerrabomberra",,,,Canberra,ACT,2620,"2022/06/24 14:52:44",
D,PARTICIPANT_REGISTRATION,STATION,1,FLYCRKWF,"Flyers Creek Wind Farm","Errowanbang Rd, Errowanbang",,,,Errowanbang,NSW,2791,"2023/08/04 15:05:25",
D,PARTICIPANT_REGISTRATION,STATION,1,VSSEL1,"VPP Energy Locals SA 1","Multiple Sites","Multiple Sites",,,Adelaide,SA,5000,"2019/09/11 09:37:24",
D,PARTICIPANT_REGISTRATION,STATION,1,WELLINSF,"Wellington Solar Farm","6916 Goolma Road",,,,Montefiores,NSW,2820,"2020/10/30 13:49:32",
D,PARTICIPANT_REGISTRATION,STATION,1,DRGBND01,DRGBND01,,,,,Melbourne,VIC,3000,"2024/02/16 12:50:29",
D,PARTICIPANT_REGISTRATION,STATION,1,TABMILL2,"Tableland Mill Unit 2","1827 Springmount Road",,,,Mareeba,QLD,4880,"2019/09/09 09:44:06",
D,PARTICIPANT_REGISTRATION,STATION,1,DUNDWF,"Dundonnell Wind Farm","Woorndo-Streathan Road",,,,Woorndo,VIC,3272,"2020/03/06 14:36:21",
D,PARTICIPANT_REGISTRATION,STATION,1,ASNAES,"AS AES NSW","Multiple Sites","Multiple Sites",,,Sydney,NSW,2000,"2020/03/06 14:37:06",
D,PARTICIPANT_REGISTRATION,STATION,1,DRXNDA01,"DR ENELX N1",,,,,Sydney,NSW,2000,"2021/10/22 01:13:43",
D,PARTICIPANT_REGISTRATION,STATION,1,DRXVDJ01,"DR ENELX V1",,,,,Melbourne,VIC,3000,"2021/10/22 01:13:43",
D,PARTICIPANT_REGISTRATION,STATION,1,CBWW,"Christies Beach WWTP","Lot 2, Hunter Road",,,,"Christies Beach",SA,5165,"2022/07/08 16:15:17",
D,PARTICIPANT_REGISTRATION,STATION,1,SHOALC,"Shoalhaven Starches Cogeneration Plant","160 Bolong Road",,,,Bomaderry,NSW,2541,"2023/10/13 17:13:07",
D,PARTICIPANT_REGISTRATION,STATION,1,GSWF1B,"Goyder South Wind Farm 1B","1043 Koonoona Road",,,,Burra,SA,5417,"2023/11/17 15:52:20",
D,PARTICIPANT_REGISTRATION,STATION,1,ASENGV01,"AS ENGIE V VL1","Multiple Sites",,,,Melbourne,VIC,3000,"2024/04/19 15:13:26",
D,PARTICIPANT_REGISTRATION,STATION,1,DRXNDA02,"DR ENELX N31","Global Switch Ultimo",,,,Ultimo,NSW,2007,"2022/03/25 09:06:24",
D,PARTICIPANT_REGISTRATION,STATION,1,DRXNDA04,"DR ENELX N34","Global Switch Ultimo",,,,Ultimo,NSW,2007,"2022/03/25 09:17:25",
D,PARTICIPANT_REGISTRATION,STATION,1,NEWENGSF,"New England Solar Farm","Big Ridge Road",,,,Uralla,NSW,2358,"2022/12/16 16:29:04",
D,PARTICIPANT_REGISTRATION,STATION,1,LBBESS,"Lake Bonney BESS1","Canunda Frontage Road",,,,Tantanoola,SA,5280,"2019/10/07 09:19:48",
D,PARTICIPANT_REGISTRATION,STATION,1,CRURWF,"Crudine Ridge Wind Farm","Aarons Pass Road","Crudine Ridge Wind Farm",,,Pyramul,NSW,2850,"2020/11/20 15:10:10",
D,PARTICIPANT_REGISTRATION,STATION,1,VSQHT1,"VPP HT QLD 1","Multiple Sites","Multiple Sites",,,Brisbane,QLD,4000,"2020/12/14 09:19:48",
D,PARTICIPANT_REGISTRATION,STATION,1,DRVIOT01,"DR VIOTAS S SL1","Multiple Sites","Multiple Sites",,,Adelaide,SA,5000,"2021/11/19 15:18:36",
D,PARTICIPANT_REGISTRATION,STATION,1,DRVIOT05,"DR VIOTAS T SL1","Single Site",,,,Tasmania,TAS,7000,"2023/06/09 14:05:20",
D,PARTICIPANT_REGISTRATION,STATION,1,CRWASF,"Corowa Solar Farm","Erinvale Property, Redlands Road","Lots 303, 304, 330 And 389 Of DP753734",,,Corowa,NSW,2646,"2021/02/05 14:32:01",
D,PARTICIPANT_REGISTRATION,STATION,1,CBESS,"Capital Battery","Block 187 Mountain Road",,,,Jerrabomberra,ACT,2620,"2023/07/21 16:16:18",
D,PARTICIPANT_REGISTRATION,STATION,1,BARKIPS,"Barker Inlet Power Station","Via Grand Truckway",,,,"Torrens Island",SA,5960,"2019/10/14 12:33:33",
D,PARTICIPANT_REGISTRATION,STATION,1,MOORAWF,"Moorabool Wind Farm","2917 Ballan Meredith Road (North)","Mt Wallace Ballark Road (South)",,,Ballan,VIC,3342,"2020/11/18 16:27:03",
D,PARTICIPANT_REGISTRATION,STATION,1,GLRWNSF,"Glenrowan West Solar Farm","123 Eleven Mile Creek Road",,,,"Glenrowan West",VIC,3675,"2020/12/18 12:14:08",
D,PARTICIPANT_REGISTRATION,STATION,1,PAREP,"Port Augusta Renewable Energy Park","Augusta Highway",,,,Winninowie,SA,5700,"2022/03/04 14:29:30",
D,PARTICIPANT_REGISTRATION,STATION,1,ASRMGE03,ASRMGE03,"Multiple Sites",,,,Adelaide,SA,5000,"2023/03/17 14:11:18",
D,PARTICIPANT_REGISTRATION,STATION,1,RESS1,"Riverina BESS 1","336 Donald Ross Drive",,,,"Darlington Point",NSW,2706,"2023/05/19 15:30:48",
D,PARTICIPANT_REGISTRATION,STATION,1,MARYRSF,"Maryrorough Solar Farm","Corner Of Roach Rd & Yarranlea-Murlaggan Road",,,,Yarranlea,QLD,4356,"2020/02/21 15:39:11",
D,PARTICIPANT_REGISTRATION,STATION,1,HVWW,"Happy Valley WTP","Lots 4,7,91,92,93 Chandlers Hill Road",,,,"Happy Valley",SA,5159,"2022/04/14 12:47:40",
D,PARTICIPANT_REGISTRATION,STATION,1,COLUMSF,"Columboola Solar Farm","290 Kerwick's Road",,,,Hookswood,QLD,4415,"2022/06/10 11:46:54",
D,PARTICIPANT_REGISTRATION,STATION,1,FINLEYSF,"Finely Solar Farm","188 Canalla Road",,,,Finley,NSW,2713,"2019/07/26 16:06:37",
D,PARTICIPANT_REGISTRATION,STATION,1,CHYTWF,"Cherry Tree Wind Farm","Homewood Road",,,,Trawool,VIC,3660,"2020/04/24 11:44:32",
D,PARTICIPANT_REGISTRATION,STATION,1,DRXQQE01,"DR ENELX Q54","Multiple Sites","Multiple Sites",,,Brisbane,QLD,4000,"2025/01/07 15:18:21",
D,PARTICIPANT_REGISTRATION,STATION,1,DRFIIN01,"DR FIRM INFRA T 1","Single Site","Single Site",,,"St Leonards",TAS,7250,"2022/12/09 14:09:41",
D,PARTICIPANT_REGISTRATION,STATION,1,YARANSF,"Yarranlea Solar Farm","Corner Of Pittsworth-Tummaville Road And Yarranlea-Murlaggan Road",,,,Yarranlea,QLD,4356,"2020/01/06 10:38:25",
D,PARTICIPANT_REGISTRATION,STATION,1,DRXVDX01,"DR ENELX V12","Multiple Sites",,,,Melbourne,VIC,3000,"2022/02/25 10:21:15",
D,PARTICIPANT_REGISTRATION,STATION,1,DRXVQX01,"DR ENELX V24","Multiple Sites",,,,Melbourne,VIC,3000,"2022/02/25 10:27:47",
D,PARTICIPANT_REGISTRATION,STATION,1,MAPS3,"Mannum-Adelaide Pipeline Pumping Station No 3","132 Mine Road",,,,Palmer,SA,5237,"2022/04/08 16:24:05",
D,PARTICIPANT_REGISTRATION,STATION,1,DRVIOT04,"DR VIOTAS Q SL1","Single Site",,,,Queensland,QLD,4000,"2022/07/22 11:40:49",
D,PARTICIPANT_REGISTRATION,STATION,1,ASPAPM01,"AS PAPOWERMG S 1","Multiple Site",,,,Adelaide,SA,5000,"2023/03/10 14:09:14",
D,PARTICIPANT_REGISTRATION,STATION,1,MWPS3,"Morgan-Whyalla Pipeline Pumping Station No 3","2111 Junction Road",,,,"Geranium Plains",SA,5381,"2020/10/23 13:23:44",
D,PARTICIPANT_REGISTRATION,STATION,1,NEVERSF,"NEVERTIRE SOLAR FARM","Mitchell Highway",,,,Nevertire,NSW,2826,"2019/11/29 13:18:12",
D,PARTICIPANT_REGISTRATION,STATION,1,GRANWF,"Granville Harbour Wind Farm","Heemskirk Road",,,,"Granville Harbour",TAS,7469,"2019/11/29 15:52:11",
D,PARTICIPANT_REGISTRATION,STATION,1,DARLSF,"Darlington Point Solar Farm","315 Donald Ross Drive",,,,"Darlington Point",NSW,2706,"2020/08/07 11:54:21",
D,PARTICIPANT_REGISTRATION,STATION,1,COLLECWF,"Collector Wind Farm","Leirda Road South",,,,Cullerin,NSW,2581,"2020/11/06 15:08:19",
D,PARTICIPANT_REGISTRATION,STATION,1,DIAPURWF,"Diapur Wind Farm","219 Diapur Lawloit Road",,,,Nhill,VIC,3418,"2021/09/23 17:05:02",
D,PARTICIPANT_REGISTRATION,STATION,1,WELLNTH,"Wellington North Solar Farm","6444 Goolma Road",,,,Bodangara,NSW,2820,"2024/05/17 15:10:45",
D,PARTICIPANT_REGISTRATION,STATION,1,CTHLWF,"Cattle Hill Wind Farm","197 Macclesfield Road",,,,Waddamana,TAS,7030,"2020/01/03 15:57:12",
D,PARTICIPANT_REGISTRATION,STATION,1,DRVIOT02,"DR VIOTAS V SL1","Multiple Sites",,,,Melbourne,VIC,3000,"2022/05/27 15:57:35",
D,PARTICIPANT_REGISTRATION,STATION,1,MOUSF,"Moura Solar Farm","17235 Dawson Highway",,,,Banana,QLD,4702,"2022/10/14 12:26:35",
D,PARTICIPANT_REGISTRATION,STATION,1,DROZVP01,DROZVP01,"Multiple Sites","Multiple Sites",,,Melbourne,VIC,3000,"2024/02/09 14:03:57",
D,PARTICIPANT_REGISTRATION,STATION,1,KIAMSF,"Kiamal Solar Farm","Calder Highway Ouyen, Old Kia Road",,,,Ouyen,VIC,3490,"2020/08/31 09:32:39",
D,PARTICIPANT_REGISTRATION,STATION,1,ASNBRL,"Boral Aggregated Load NSW1",,,,,,NSW,,"2020/10/16 14:26:17",
D,PARTICIPANT_REGISTRATION,STATION,1,VSSSE1,"VPP Simply SA 1","Multiple Sites","Multiple Sites",,,Adelaide,SA,5000,"2020/10/16 14:27:26",
D,PARTICIPANT_REGISTRATION,STATION,1,DRXNDE01,"DR ENELX N3","Multiple Sites",,,,Sydney,NSW,2000,"2022/02/25 10:06:32",
D,PARTICIPANT_REGISTRATION,STATION,1,WAGGNSF,"Wagga North Solar Farm","157 Windmill Road",,,,Bomen,NSW,2650,"2021/06/04 16:17:13",
D,PARTICIPANT_REGISTRATION,STATION,1,LIMOSF1,"Limondale Solar Farm 1","Yanga Way",,,,Balranald,NSW,2715,"2020/06/29 11:20:36",
D,PARTICIPANT_REGISTRATION,STATION,1,BRYB1WF,"Berrybank 1 Wind Farm","739 Padgetts Lane",,,,Wallinduc,VIC,3351,"2021/02/12 12:06:18",
D,PARTICIPANT_REGISTRATION,STATION,1,DULAWF1,"Dulacca Wind Farm","34017 Warrego Highway",,,,Drillham,QLD,4424,"2023/03/31 14:06:52",
D,PARTICIPANT_REGISTRATION,STATION,1,WYASF,"Wyalong Solar Farm","1409 Newell Highway",,,,Wyalong,NSW,2671,"2023/06/02 15:03:40",
D,PARTICIPANT_REGISTRATION,STATION,1,BHBESS,"Broken Hill Battery Energy Storage System","76-82 Pinnacles Place",,,,"Broken Hill",NSW,2880,"2023/11/24 14:03:22",
D,PARTICIPANT_REGISTRATION,STATION,1,VSSAE1,"VPP AGLE SA 1","Mutliple Sites","Mutliple Sites",,,Adelaide,SA,5000,"2020/02/24 10:27:12",
D,PARTICIPANT_REGISTRATION,STATION,1,WANDSF,"Wandoan Solar Farm 1","Gadsbys Road",,,,Woleebee,QLD,4419,"2023/03/03 14:04:05",
D,PARTICIPANT_REGISTRATION,STATION,1,TIBESS,"Torrens Island BESS","Via Grand Trunkway",,,,Gillman,SA,5015,"2023/04/21 15:20:33",
D,PARTICIPANT_REGISTRATION,STATION,1,JEMALNG,"Jemalong Solar Project","Lot 7 & 8, Dp 1245348",,,,Jemalong,NSW,2871,"2020/11/27 15:19:56",
D,PARTICIPANT_REGISTRATION,STATION,1,PIBESS,"Phillip Island BESS","100 Gap Road",,,,Cowes,VIC,3922,"2023/04/06 15:02:45",
D,PARTICIPANT_REGISTRATION,STATION,1,ASSERDV1,"Shell Energy Retail DR VIC 1","239 Maroondah Hwy",,,,"Chirnside Park",VIC,3116,"2023/04/06 15:15:20",
D,PARTICIPANT_REGISTRATION,STATION,1,MAPS2,"Mannum-Adelaide Pipeline Pumping Station No 2","Lot 16 Adelaide-Mannum Rd Hd Tungkillo",,,,Palmer,SA,5237,"2021/08/06 17:18:35",
D,PARTICIPANT_REGISTRATION,STATION,1,KEP,"Kennedy Energy Park","Lot 1 Flinders Highway",,,,Hughenden,QLD,4821,"2021/06/18 16:07:17",
D,PARTICIPANT_REGISTRATION,STATION,1,BLUEGSF,"Blue Grass Solar Farm","27566 Warrego Highway",,,,Chinchilla,QLD,4413,"2022/01/28 15:00:11",
D,PARTICIPANT_REGISTRATION,STATION,1,RESS2,"Riverina Energy Storage System 2","336 Donald Ross Drive",,,,"Darlington Point",NSW,2706,"2024/06/24 17:51:53",
D,PARTICIPANT_REGISTRATION,STATION,1,MIDDLESF,"Middlemount Solar Farm","3208 Fitzroy Development Road",,,,Middlemount,QLD,4746,"2020/12/04 14:03:19",
D,PARTICIPANT_REGISTRATION,STATION,1,HEZ1,"Hunter Economic Zone","Lot 5 Spine Road",,,,"Pelaw Main",NSW,2327,"2023/10/16 15:02:05",
D,PARTICIPANT_REGISTRATION,STATION,1,ELAINEWF,"Elaine Wind Farm","Midland Highway And Fords Lane","Central Highlands",,,Elaine,VIC,3334,"2020/04/03 14:34:20",
D,PARTICIPANT_REGISTRATION,STATION,1,VSNEL2,"VPP Energy Locals NSW 2","Multiple Sites","Multiple Sites",,,Sydney,NSW,2000,"2020/12/14 09:17:44",
D,PARTICIPANT_REGISTRATION,STATION,1,VSVEL2,"VPP Energy Locals VIC 2","Multiple Sites","Multiple Sites",,,Melbourne,VIC,3000,"2020/12/14 09:18:34",
D,PARTICIPANT_REGISTRATION,STATION,1,BANGOWF2,"Bango 999 Wind Farm","Tangmangaroo Road",,,,Kangiara,NSW,2582,"2021/05/21 12:12:22",
D,PARTICIPANT_REGISTRATION,STATION,1,GLENSF,"GLENROWAN SOLAR FARM","38 Glenrowan West Road",,,,Glenrowan,VIC,3675,"2023/11/17 15:29:44",
D,PARTICIPANT_REGISTRATION,STATION,1,MWPS2,"Morgan-Whyalla Pipeline Pumping Station No 2","Sec 248 Pipeline Road",,,,Beatty,SA,5320,"2021/02/05 16:01:42",
D,PARTICIPANT_REGISTRATION,STATION,1,WDGPH,"Western Downs GPH","Sixteen Mile Hall Road",,,,Hopeland,QLD,4413,"2021/11/15 15:05:46",
D,PARTICIPANT_REGISTRATION,STATION,1,ASSDE,"DiscoverEnergy VPPSA","Multiple Sites","Multiple Sites",,,Adelaide,SA,5000,"2022/01/07 14:10:01",
D,PARTICIPANT_REGISTRATION,STATION,1,TB2HYB,"Tailem Bend 2 Hybrid Renewable Power Station","Substation Road",,,,"Tailem Bend",SA,5260,"2023/02/24 14:11:46",
D,PARTICIPANT_REGISTRATION,STATION,1,ASRMGE02,ASRMGE02,"Multiple Sites",,,,Adelaide,SA,5000,"2023/04/12 15:21:41",
D,PARTICIPANT_REGISTRATION,STATION,1,VSSSH1,"VPP ShinHub SA 1","Multiple Sites","Multiple Sites",,,Adelaide,SA,5000,"2020/11/09 16:21:26",
D,PARTICIPANT_REGISTRATION,STATION,1,MWPS4,"Morgan-Whyalla Pipeline Pumping Station No 4","Lt 227, F169166 Black Springs Rd",,,,Robertstown,SA,5381,"2021/01/29 14:03:50",
D,PARTICIPANT_REGISTRATION,STATION,1,MWPS1,"Morgan-Whyalla Pipeline Pumping Station No 1","Pt Sec 445 Goyder Hwy",,,,Morgan,SA,5320,"2021/02/05 15:55:04",
D,PARTICIPANT_REGISTRATION,STATION,1,WANDBESS,"Wandoan BESS","584 Gadsby's Road And 191 Bakers Road",,,,Woleebee,QLD,4419,"2021/07/02 12:12:47",
D,PARTICIPANT_REGISTRATION,STATION,1,VBB,"Victorian Big Battery","Atkinsons Road",,,,"Moorabool, Greater Geelong",VIC,3213,"2021/07/26 09:40:51",
D,PARTICIPANT_REGISTRATION,STATION,1,GANGARRI,"Gangarri Solar Farm","1039 Gadsbys Road",,,,Woleebee,QLD,4419,"2021/04/09 15:03:06",
D,PARTICIPANT_REGISTRATION,STATION,1,GNNDHSF,"Gunnedah Solar Farm","765 Orange Grove Road",,,,Gunnedah,NSW,2380,"2021/06/25 17:13:50",
D,PARTICIPANT_REGISTRATION,STATION,1,HBESS1,"Hazelwood Battery Energy Storage System","Brodribb Road",,,,Hazelwood,VIC,3840,"2023/02/03 14:55:25",
D,PARTICIPANT_REGISTRATION,STATION,1,ASENGY01,"AS ENGIE N VL1","Multiple Sites",,,,Sydney,NSW,2000,"2024/03/01 14:21:04",
D,PARTICIPANT_REGISTRATION,STATION,1,ADP,"Adelaide Desalination Plant","16 Chrysler Road",,,,Lonsdale,SA,5160,"2021/04/16 15:29:37",
D,PARTICIPANT_REGISTRATION,STATION,1,SUNTPSF,"Suntop Solar Farm","909 Suntop Road",,,,Wellington,NSW,2820,"2021/07/26 12:36:32",
D,PARTICIPANT_REGISTRATION,STATION,1,ASSSN,"AS Sonnen SA","Multiple Sites","Multiple Sites",,,Adelaide,SA,5000,"2021/10/20 15:16:49",
D,PARTICIPANT_REGISTRATION,STATION,1,MUWAWF2,"Murra Warra Wind Farm Stage 2","Ailsa Wheat Rd",,,,"Murra Warra",VIC,3401,"2022/02/11 15:54:31",
D,PARTICIPANT_REGISTRATION,STATION,1,MANNSF2,"Mannum 2 Solar Farm","Corner Mannum Road And Patricks Road",,,,Mannum,SA,5238,"2023/12/08 14:08:48",
D,PARTICIPANT_REGISTRATION,STATION,1,DRAESN1,"DR AES N VL1","Multiple Sites",,,,Sydney,NSW,2000,"2022/02/18 14:12:19",
D,PARTICIPANT_REGISTRATION,STATION,1,QBYNBESS,"Queanbeyan BESS","Queanbeyan Transgrid Substation","Corner Of Railway Street And Mountain Road",,,Jerrabombera,ACT,2620,"2022/07/01 16:21:35",
D,PARTICIPANT_REGISTRATION,STATION,1,DRSHVS01,DRSHVS01,"Multiple Sites",,,,Adelaide,SA,5000,"2023/04/27 16:00:37",
D,PARTICIPANT_REGISTRATION,STATION,1,DPNTBESS,"Darlington Point Energy Storage System","336 Donald Ross Drive",,,,"Darlington Point",NSW,2706,"2023/05/26 15:16:22",
D,PARTICIPANT_REGISTRATION,STATION,1,DRGBND02,DRGBND02,"Intercast And Forge",,,,Adelaide,SA,5000,"2023/11/10 16:00:16",
D,PARTICIPANT_REGISTRATION,STATION,1,COHUNA,"Cohuna Solar Farm","909 Kerang-Leitchville Road",,,,Horfield,VIC,3567,"2020/12/18 13:45:26",
D,PARTICIPANT_REGISTRATION,STATION,1,FIRMSLDC,"Firmus St Leonard DC","23 Killafaddy Rd",,,,"St Leonards",TAS,7250,"2022/01/21 12:47:37",
D,PARTICIPANT_REGISTRATION,STATION,1,YATSF,"Yatpool Solar Farm","500 Doering Road",,,,Yatpool,VIC,3500,"2020/11/16 08:54:01",
D,PARTICIPANT_REGISTRATION,STATION,1,ASQEEV1,"AS BOHLE BESS Q VL1","Single Site",,,,Brisbane,QLD,4000,"2022/09/21 15:31:03",
D,PARTICIPANT_REGISTRATION,STATION,1,BRYB2WF,"Berrybank 2 Wind Farm","739 Padgetts Lane",,,,Wallinduc,VIC,3351,"2022/11/29 07:10:27",
D,PARTICIPANT_REGISTRATION,STATION,1,AVLSF,"Avonlie Solar Farm","Avonlie Solar Farm, Muntz Road",,,,Sandigo,NSW,2700,"2023/03/24 14:01:33",
D,PARTICIPANT_REGISTRATION,STATION,1,GSWF1A,"Goyder South Wind Farm 1A","1043 Koonoona Road",,,,Burra,SA,5417,"2023/07/07 15:04:38",
D,PARTICIPANT_REGISTRATION,STATION,1,SUNRSF,"Sunraysia Solar Farm","Corner Of The Cut Line And Yanga Way Hwy",,,,Balranald,NSW,2715,"2020/11/06 15:00:13",
D,PARTICIPANT_REGISTRATION,STATION,1,MOLNGSF,"Molong Solar Farm","2340 Belgravia Road",,,,Molong,NSW,2866,"2020/11/06 15:05:01",
D,PARTICIPANT_REGISTRATION,STATION,1,DRXQDA01,"DR ENELX Q50","Multiple Sites",,,,Brisbane,QLD,4000,"2022/08/05 11:12:21",
D,PARTICIPANT_REGISTRATION,STATION,1,VSNSN1,"VPP Sonnen NSW 1","Multiple Sites","Multiple Sites",,,Sydney,NSW,2000,"2020/10/23 13:21:17",
D,PARTICIPANT_REGISTRATION,STATION,1,HILLSTN,"Hillston Sun Farm","10793 Kidman Way",,,,Hillston,NSW,2675,"2021/10/01 13:02:41",
D,PARTICIPANT_REGISTRATION,STATION,1,DRACAV1,"DR ACACIA V 1","Multiple Sites",,,,Melbourne,VIC,3000,"2023/12/13 14:04:55",
D,PARTICIPANT_REGISTRATION,STATION,1,SNAPPER,"Snapper Point Power Station","Adjacent To The Pelican Point Power Station At Outer Harbour",,,,"Outer Harbour",SA,5291,"2021/12/17 11:58:28",
D,PARTICIPANT_REGISTRATION,STATION,1,ASRMGE01,ASRMGE01,"Multiple Sites","Multiple Sites",,,Adelaide,SA,5000,"2023/04/12 15:19:21",
D,PARTICIPANT_REGISTRATION,STATION,1,DREXMN01,DREXMN01,"Multiple Sites",,,,Sydney,NSW,2000,"2023/09/15 15:13:37",
D,PARTICIPANT_REGISTRATION,STATION,1,FSWF,"Ferguson South Wind Farm","1862 Princetown Rd",,,,Cooriemungle,VIC,3268,"2021/03/19 15:34:44",
D,PARTICIPANT_REGISTRATION,STATION,1,WINTONSF,"Winton Solar Farm","458-460 Winton-Glenrowan Road",,,,Winton,VIC,3673,"2021/03/26 15:03:45",
D,PARTICIPANT_REGISTRATION,STATION,1,SEBSF,"Sebastopol Solar Farm","75 Eurolee Road",,,,Temora,NSW,2666,"2021/10/29 14:04:29",
D,PARTICIPANT_REGISTRATION,STATION,1,METZSF,"Metz Solar Farm","Bayley Park Road",,,,Argyle,NSW,2350,"2022/03/25 17:09:34",
D,PARTICIPANT_REGISTRATION,STATION,1,MRTLSWF,"Mortlake South Wind Farm","Cnr Tapps Lane & Terang Mortlake Rd",,,,Mortlake,VIC,3272,"2022/06/24 16:37:55",
D,PARTICIPANT_REGISTRATION,STATION,1,WARWSF1,"WARWICK SOLAR FARM 1","115 McMahon Road",,,,Sladevale,QLD,4370,"2020/09/21 11:05:28",
D,PARTICIPANT_REGISTRATION,STATION,1,WARWSF2,"WARWICK SOLAR FARM 2","115 McMahon Road",,,,Sladevale,QLD,4370,"2020/09/21 11:05:28",
D,PARTICIPANT_REGISTRATION,STATION,1,DRXNQX01,"DR ENELX N36","Multiple Sites",,,,Sydney,NSW,2000,"2022/05/10 15:46:36",
D,PARTICIPANT_REGISTRATION,STATION,1,WSTWYSF,"West Wyalong Solar Farm","228 Blands Lane",,,,Wyalong,NSW,2671,"2022/09/21 15:13:19",
D,PARTICIPANT_REGISTRATION,STATION,1,KABANWF,"Kaban Wind Farm","Jennings Road",,,,Tumoulin,QLD,4888,"2022/09/21 15:20:53",
D,PARTICIPANT_REGISTRATION,STATION,1,BBATTERY,"Bouldercombe Battery Project","Lot 3 On Rp 611829",,,,Bouldercombe,QLD,4702,"2023/07/07 15:15:13",
D,PARTICIPANT_REGISTRATION,STATION,1,DRXVQX02,"DR ENELX V240","Multiple Sites",,,,Melbourne,VIC,3000,"2023/09/28 17:17:51",
D,PARTICIPANT_REGISTRATION,STATION,1,LIMOSF2,"Limondale Solar Farm 2","Yanga Way",,,,Balranald,NSW,2715,"2019/12/23 10:59:13",
D,PARTICIPANT_REGISTRATION,STATION,1,FNWF,"Ferguson North Wind Farm","1830 Princetown Rd",,,,Cooriemungle,VIC,3268,"2020/07/24 15:27:40",
D,PARTICIPANT_REGISTRATION,STATION,1,ASTFG1,"AS FIRMGRID TAS1","Multiple Sites","Multiple Sites",,,Hobart,TAS,7000,"2020/11/27 15:40:07",
D,PARTICIPANT_REGISTRATION,STATION,1,STOCKYD,"Stockyard Hill Wind Farm","Stockyard Hill Road",,,,"Stockyard Hill",VIC,3373,"2021/07/07 10:12:43",
D,PARTICIPANT_REGISTRATION,STATION,1,DRVIOT03,"DR VIOTAS N SL1","Multiple Sites","Multiple Sites",,,Sydney,NSW,2000,"2022/06/08 11:33:35",
D,PARTICIPANT_REGISTRATION,STATION,1,BOLIVPS,"Bolivar Power Station","No. 9 Bolivar Interchange Connector",,,,Bolivar,SA,5110,"2022/11/25 14:50:42",
D,PARTICIPANT_REGISTRATION,STATION,1,BANGOWF,"Bango 973 Wind Farm","Tangmangaroo Road",,,,Kangiara,NSW,2582,"2020/12/11 15:10:42",
D,PARTICIPANT_REGISTRATION,STATION,1,DRXVQP01,"DR ENELX V2","Multiple Sites","Multiple Sites",,,Melbourne,VIC,3000,"2023/10/16 09:25:04",
D,PARTICIPANT_REGISTRATION,STATION,1,DRXVDP01,"DR ENELX V17","Ixom Laverton",,,,Laverton,VIC,3028,"2022/02/18 10:38:01",
D,PARTICIPANT_REGISTRATION,STATION,1,DRXNDA03,"DR ENELX N32","Global Switch",,,,Ultimo,NSW,2007,"2022/03/25 10:12:22",
D,PARTICIPANT_REGISTRATION,STATION,1,WOOLGSF,"Woolooga Solar Farm","1496 Wide Bay Highway",,,,"Lower Wonga",QLD,4750,"2022/05/20 16:36:56",
D,PARTICIPANT_REGISTRATION,STATION,1,DRSHVN01,DRSHVN01,"Multiple Sites",,,,"Multiple Sites",NSW,2000,"2023/05/05 15:02:21",
D,PARTICIPANT_REGISTRATION,STATION,1,DRAESN3,DRAESN3,"Multiple Sites",,,,Sydney,NSW,2000,"2024/04/19 15:19:45",
D,PARTICIPANT_REGISTRATION,STATION,1,DRGBND03,DRGND03,"Single Site",,,,Melbourne,VIC,3000,"2024/05/17 15:23:12",
D,PARTICIPANT_REGISTRATION,STATION,1,CROOKWF3,"Crookwell 3 Wind Farm","500 Graywood Siding Road",,,,Woodhouselee,NSW,2580,"2024/05/17 15:29:22",
D,PARTICIPANT_REGISTRATION,STATION,1,WALGBESS,"Wallgrove BESS 1","200 Old Wallgrove Road","Sydney West Substation",,,"Eastern Creek",NSW,2766,"2021/10/25 09:30:25",
D,PARTICIPANT_REGISTRATION,STATION,1,ASNSEL2,"AS TEP ENLOC N VL2","Multiple Sites",,,,Sydney,NSW,2000,"2022/10/04 13:40:03",
D,PARTICIPANT_REGISTRATION,STATION,1,ASVIEL2,"AS TEP ENLOC V VL2","Multiple Sites",,,,Melbourne,VIC,3000,"2022/10/04 13:40:03",
D,PARTICIPANT_REGISTRATION,STATION,1,DRACAN1,"DR ACACIA N SL1","Single Site",,,,Sydney,NSW,2000,"2022/12/16 14:10:30",
D,PARTICIPANT_REGISTRATION,STATION,1,EDENVSF,"Edenvale Solar Park","2165 Kogan-Condamine Road",,,,Crossroads,QLD,4413,"2022/12/16 14:15:13",
D,PARTICIPANT_REGISTRATION,STATION,1,RYEPARK,"Rye Park Renewable Energy","Dalton Road",,,,"Rye Park",NSW,2586,"2023/08/11 15:05:15",
D,PARTICIPANT_REGISTRATION,STATION,1,CHBESS,"Chinchilla BESS","1039 Banana Bridge Road",,,,Brigalow,QLD,4412,"2023/11/17 15:35:46",
D,PARTICIPANT_REGISTRATION,STATION,1,ASPSTV01,"AS POWERSYNC V VL 1","Multiple Sites","Multiple Sites",,,Melbourne,VIC,3000,"2024/05/24 15:18:37",
D,PARTICIPANT_REGISTRATION,STATION,1,WDBESS,"Western Downs Battery Energy Storage System (BESS)","16 Mile Hall Road",,,,Hopeland,QLD,4413,"2024/05/24 15:23:33",
D,PARTICIPANT_REGISTRATION,STATION,1,HDWF,"Hawkesdale Wind Farm","780 Woolsthorpe-Heywood Road",,,"Hawkesdale, VIC, 3287",Hawkesdale,VIC,3287,"2024/05/30 14:42:22",
D,PARTICIPANT_REGISTRATION,STATION,1,DRHTVP01,"DR HYDROTASVPP N 1","Multiple Sites","Multiple Sites",,"Sydney, NSW, 2000",Sydney,NSW,2000,"2024/05/31 12:50:33",
D,PARTICIPANT_REGISTRATION,STATION,1,HASTING,"Hastings Generation Site","11 Bayview Road",,,"Hastings, VIC, 3915",Hastings,VIC,3915,"2024/05/31 15:30:37",
D,PARTICIPANT_REGISTRATION,STATION,1,ASRMGE04,ASRMGE04,"Single Site",,,"Adelaide, SA, 5000",Adelaide,SA,5000,"2024/07/05 15:25:03",
D,PARTICIPANT_REGISTRATION,STATION,1,GIRGSF,"Girgarre Solar Farm","1083 Mason Road",,,"Girgarre, VIC, 3624",Girgarre,VIC,3624,"2024/07/12 15:03:16",
D,PARTICIPANT_REGISTRATION,STATION,1,RYANCWF,"Ryan Corner Wind Farm","1645 Hamilton-Port Fairy Rd",,,"Orford, VIC, 3284",Orford,VIC,3284,"2024/07/26 15:37:26",
D,PARTICIPANT_REGISTRATION,STATION,1,GPWFEAST,"Golden Plains Wind Farm East","1020-744 Geggies Rd",,,"Rokewood, VIC, 3330",Rokewood,VIC,3330,"2024/08/02 17:51:43",
D,PARTICIPANT_REGISTRATION,STATION,1,ASDLBY01,DALBYSGA,"Single Site","Single Site",,"Brisbane, QLD1, 4000",Brisbane,QLD1,4000,"2024/08/09 15:37:20",
D,PARTICIPANT_REGISTRATION,STATION,1,RANGBESS,"Rangebank BESS","5 Battery Court",,,"Cranbourne West, VIC, 3977","Cranbourne West",VIC,3977,"2024/08/09 15:50:08",
D,PARTICIPANT_REGISTRATION,STATION,1,MCINTYR,"MacIntyre Wind Farm","1558 Carbean Road",,,"Cement Mills, QLD, 4358","Cement Mills",QLD,4358,"2024/08/09 16:34:08",
D,PARTICIPANT_REGISTRATION,STATION,1,BLYTHB,"Blyth Battery Energy Storage System","Corner Of Dobie Road And Atkinson Road",,,"Blyth, SA, 5462",Blyth,SA,5462,"2024/08/16 15:07:20",
D,PARTICIPANT_REGISTRATION,STATION,1,TULLYSM,"Tully Sugar Mill","1 Hort Street",,,"Tully, QLD, 4854",Tully,QLD,4854,"2024/08/23 15:04:18",
D,PARTICIPANT_REGISTRATION,STATION,1,WTAHBESS,"Waratah Super Battery","Station Road",,,"Colongra, NSW, 2262",Colongra,NSW,2262,"2024/08/30 16:21:18",
D,PARTICIPANT_REGISTRATION,STATION,1,KINGASF,"Kingaroy Solar Farm","397 Kingaroy Barkers Creek Road",,,"Kingaroy, QLD, 4610",Kingaroy,QLD,4610,"2024/08/30 16:40:21",
D,PARTICIPANT_REGISTRATION,STATION,1,WLWLSF1,"Walla Walla Solar Farm 1","Benambra Road",,,"Walla Walla, NSW, 2660","Walla Walla",NSW,2660,"2024/09/06 15:12:01",
D,PARTICIPANT_REGISTRATION,STATION,1,WLWLSF2,"Walla Walla Solar Farm 2","Benambra Road",,,"Walla Walla, NSW, 2660","Walla Walla",NSW,2660,"2024/09/06 15:12:02",
D,PARTICIPANT_REGISTRATION,STATION,1,DRVIOT06,"DR VIOTASWDR S 1","Adri Birkenhead",,,"Birkenhead, SA, 5015",Birkenhead,SA,5015,"2024/09/13 16:11:50",
D,PARTICIPANT_REGISTRATION,STATION,1,DRGBND04,DRGBND04,"Single Site",,,"Sydney, NSW, 2000",Sydney,NSW,2000,"2024/09/24 14:28:42",
D,PARTICIPANT_REGISTRATION,STATION,1,CLRKCRWF,"Clarke Creek Wind Farm","Sarina Maryborough Road",,,"Clarke Creek, QLD, 4705","Clarke Creek",QLD,4705,"2024/09/26 15:17:53",
D,PARTICIPANT_REGISTRATION,STATION,1,ASPBSC01,"PB Community SGA","Multiple Sites","Multiple Sites",,"Melbourne, VIC, 3000",Melbourne,VIC,3000,"2024/09/26 15:40:35",
D,PARTICIPANT_REGISTRATION,STATION,1,WUNUSF,"Wunghnu Solar Farm","550 Reillys Pit Road",,,"Wunghnu, VIC, 3635",Wunghnu,VIC,3635,"2024/11/15 14:20:33",
D,PARTICIPANT_REGISTRATION,STATION,1,MOKOANSF,"Mokoan Solar Farm","116 Lee Road",,,"Winton, VIC, 3673",Winton,VIC,3673,"2024/11/22 14:07:41",
D,PARTICIPANT_REGISTRATION,STATION,1,KERNGSP1,"Kerang Solar Plant","44 Old Echuca Road",,,"Kerang, VIC, 3579",Kerang,VIC,3579,"2024/12/06 14:25:14",
D,PARTICIPANT_REGISTRATION,STATION,1,WOLARSF,"Wollar Solar Farm","96 Maree Road",,,"Tichular, NSW, 2850",Tichular,NSW,2850,"2024/12/13 13:47:38",
D,PARTICIPANT_REGISTRATION,STATION,1,GREENB,"Greenbank BESS","Lot 1 On Sp305925, Pub Lane",,,"Greenbank, QLD, 4124",Greenbank,QLD,4124,"2024/12/13 13:53:35",
D,PARTICIPANT_REGISTRATION,STATION,1,STUBBSF1,"Stubbo Solar Farm 1","465 Blue Springs Road",,,"Stubbo, NSW, 2852",Stubbo,NSW,2852,"2024/12/13 15:10:18",
D,PARTICIPANT_REGISTRATION,STATION,1,STUBBSF2,"Stubbo Solar Farm 2","465 Blue Springs Road",,,"Stubbo, NSW, 2852",Stubbo,NSW,2852,"2024/12/13 15:10:18",
D,PARTICIPANT_REGISTRATION,STATION,1,DRXNFF01,"DR ENELX N37",,,,"Sydney, NSW, 2000",Sydney,NSW,2000,"2024/12/18 08:30:31",
D,PARTICIPANT_REGISTRATION,STATION,1,DRXNFS01,"DR ENELX N40","Multiple Sites",,,"Sydney, NSW, 2000",Sydney,NSW,2000,"2024/12/20 13:47:59",
D,PARTICIPANT_REGISTRATION,STATION,1,DRBRLV01,"DR BORAL V SL1","Single Site",,,"Melbourne, VIC, 3000",Melbourne,VIC,3000,"2025/01/10 14:33:23",
D,PARTICIPANT_REGISTRATION,STATION,1,KOORBESS,"Koorangie Energy Storage System","Lalbert Kerang Road",,,"Bael Bael, VIC, 3579","Bael Bael",VIC,3579,"2025/01/28 14:03:33",
D,PARTICIPANT_REGISTRATION,STATION,1,DROZVP02,DROZVP02,"Multiple Sites",,,"Adelaide, SA, 5000",Adelaide,SA,5000,"2025/02/07 15:07:24",
D,PARTICIPANT_REGISTRATION,STATION,1,DRXNAE01,"DR ENELX N83","Multiple Sites","Multiple Sites",,"Sydney, NSW, 2000",Sydney,NSW,2000,"2025/02/10 15:39:25",
D,PARTICIPANT_REGISTRATION,STATION,1,DRXVAE01,"DR ENELX V88","Multiple Sites","Multiple Sites",,"Melbourne, VIC, 3000",Melbourne,VIC,3000,"2025/02/10 15:40:59",
D,PARTICIPANT_REGISTRATION,STATION,1,DROZVP03,"DR OZVPPQ S 1","Multiple Sites",,,"Brisbane, QLD, 4000",Brisbane,QLD,4000,"2025/02/19 10:10:38",
D,PARTICIPANT_REGISTRATION,STATION,1,ERBESS,"Eraring Battery Energy Storage System","Rocky Point Road",,,"Eraring, NSW, 2264",Eraring,NSW,2264,"2025/02/28 14:17:24",
D,PARTICIPANT_REGISTRATION,STATION,1,ALDGASF,"Aldoga Solar Farm","Flynn Road",,,"Aldoga, QLD, 4695",Aldoga,QLD,4695,"2025/03/14 14:27:04",
D,PARTICIPANT_REGISTRATION,STATION,1,HUNTER,"Hunter Power Station","162 Bishops Bridge Road",,,"Loxford, NSW, 2326",Loxford,NSW,2326,"2025/03/21 15:10:54",
D,PARTICIPANT_REGISTRATION,STATION,1,TRNGBESS,"Tarong BESS","1225 Nanango Road",,,"Tarong, QLD, 4615",Tarong,QLD,4615,"2025/03/28 15:40:42",
D,PARTICIPANT_REGISTRATION,STATION,1,DRSHVS02,"VPP ShinHub DRSHVS02","Multiple Sites",,,"Adelaide, SA, 5000",Adelaide,SA,5000,"2025/04/03 14:18:41",
D,PARTICIPANT_REGISTRATION,STATION,1,LVES,"Latrobe Valley BESS","Lot 2 Ps725239","240 Monash Way",,"Morwell, VIC, 3840",Morwell,VIC,3840,"2025/04/04 14:07:58",
D,PARTICIPANT_REGISTRATION,STATION,1,DRPSTV01,"DR POWERSYNC V 1","Single Site","Single Site",,"Melbourne, VIC, 3000",Melbourne,VIC,3000,"2025/04/11 14:59:03",
D,PARTICIPANT_REGISTRATION,STATION,1,MANNUMB1,"Mannum Battery Energy Storage System","215 Mannum Road",,,"Mannum, SA, 5238",Mannum,SA,5238,"2025/05/09 17:28:48",
D,PARTICIPANT_REGISTRATION,STATION,1,TEMPBESS,"Templers Battery Energy Storage System","Corner Of Power Rd And Templers Rd",,,"Templers, SA, 5371",Templers,SA,5371,"2025/05/16 15:02:41",
D,PARTICIPANT_REGISTRATION,STATION,1,ULPBESS,"Ulinda Park BESS","16 Mile Hall Road",,,"Hopeland, QLD, 4413",Hopeland,QLD,4413,"2025/05/30 16:24:43",
D,PARTICIPANT_REGISTRATION,STATION,1,CUSF,"Culcairn Solar Farm","Weeamera Road",,,"Culcairn, NSW, 2660",Culcairn,NSW,2660,"2025/06/06 16:07:19",
D,PARTICIPANT_REGISTRATION,STATION,1,WNSF,"Wangaratta Solar Farm","Lot 1, Bowser Road",,,"North Wangaratta, VIC, 3678","North Wangaratta",VIC,3678,"2025/06/06 16:13:39",
D,PARTICIPANT_REGISTRATION,STATION,1,DRXNVS01,"DR ENELX N49","Visy Smithfield",,,"Sydney, NSW, 2161",Sydney,NSW,2161,"2025/06/11 14:33:36",
D,PARTICIPANT_REGISTRATION,STATION,1,DRXNDJ01,"DR ENELX N54","Multiple Sites",,,"Sydney, NSW, 2000",Sydney,NSW,2000,"2025/06/13 16:09:55",
D,PARTICIPANT_REGISTRATION,STATION,1,MREHA1,"Melbourne Renewable Energy Hub Connection A1","77-347 Holden Road",,,"Plumpton, VIC, 3335",Plumpton,VIC,3335,"2025/06/13 17:23:49",
D,PARTICIPANT_REGISTRATION,STATION,1,WAMBOWF1,"Wambo Wind Farm 1","Diamondy Road",,,"Jandowae, QLD, 4410",Jandowae,QLD,4410,"2025/06/13 17:32:40",
D,PARTICIPANT_REGISTRATION,STATION,1,MREHA2,"Melbourne Renewable Energy Hub Connection A2","77-347 Holden Road",,,"Plumpton, VIC, 3335",Plumpton,VIC,3335,"2025/06/20 15:24:09",
D,PARTICIPANT_REGISTRATION,STATION,1,DRXNDB04,"DR ENELX N44","DigiCo East",,,"Ultimo, NSW, 2007",Ultimo,NSW,2007,"2025/06/26 17:21:49",
D,PARTICIPANT_REGISTRATION,STATION,1,DRXNTM02,"DR ENELX N55","Multiple Sites",,,"Sydney, NSW, 2000",Sydney,NSW,2000,"2025/06/27 15:18:34",
D,PARTICIPANT_REGISTRATION,STATION,1,MREHA3,"Melbourne Renewable Energy Hub Connection A3","77-347 Holden Road",,,"Plumpton, VIC, 3335",Plumpton,VIC,3335,"2025/07/11 15:01:47",
D,PARTICIPANT_REGISTRATION,STATION,1,DRXNDW01,"DR ENELX N42","Multiple Sites",,,"Sydney, NSW, 2000",Sydney,NSW,2000,"2025/07/17 15:37:54",
D,PARTICIPANT_REGISTRATION,STATION,1,ASDEVI01,"AS DIAMD01 V SL1","Single Site",,,"Melbourne, VIC, 3000",Melbourne,VIC,3000,"2025/07/18 15:29:07",
D,PARTICIPANT_REGISTRATION,STATION,1,SMTHBESS,"Smithfield Battery Energy Storage System","6 Herbert Place",,,"Smithfield, NSW, 2164",Smithfield,NSW,2164,"2025/08/08 15:23:44",
D,PARTICIPANT_REGISTRATION,STATION,1,BRNDBES,"Brendale BESS","26 Cribb Road",,,"Brendale, QLD, 4500",Brendale,QLD,4500,"2025/08/29 15:00:28",
D,PARTICIPANT_REGISTRATION,STATION,1,SNB,"Supernode BESS","83 & 85 Kremzow Road",,,"Brisbane, QLD, 4500",Brisbane,QLD,4500,"2025/08/29 15:08:15",
D,PARTICIPANT_REGISTRATION,STATION,1,MUCRKSF,"Munna Creek Solar Farm","Lot 1 On Sp305114, 493 Blowers Road",,,"Munna Creek, QLD, 4570","Munna Creek",QLD,4570,"2025/08/29 15:13:08",
D,PARTICIPANT_REGISTRATION,STATION,1,DRSHVN02,DRSHVN02,"Multiple Sites",,,"Sydney, NSW, 2000",Sydney,NSW,2000,"2025/08/29 15:17:35",
D,PARTICIPANT_REGISTRATION,STATION,1,LIMBESS,"Limondale Battery","3757 Yanga Way",,,"Balranald, NSW, 2715",Balranald,NSW,2715,"2025/09/19 15:17:21",
D,PARTICIPANT_REGISTRATION,STATION,1,LDBESS,"Liddell Battery Energy Storage System","New England Highway",,,"Muswellbrook, NSW, 2333",Muswellbrook,NSW,2333,"2025/09/26 14:58:56",
D,PARTICIPANT_REGISTRATION,STATION,1,GOESF,"Goorambat East Solar Farm","379 Goorambat-Chesney Road",,,"Goorambat, VIC, 3725",Goorambat,VIC,3725,"2025/09/26 15:04:47",
D,PARTICIPANT_REGISTRATION,STATION,1,BUNGAMB1,"Bungama Battery Energy Storage System","Lot 558 Corner Locks Road And Bungama Road",,,"Napperby, SA, 5540",Napperby,SA,5540,"2025/10/24 14:26:10",
D,PARTICIPANT_REGISTRATION,STATION,1,ASACLE01,"AS ACLESGA V VL1","Multiple Sites",,,"Melbourne, VIC, 3000",Melbourne,VIC,3000,"2025/10/24 14:32:22",
D,PARTICIPANT_REGISTRATION,STATION,1,CRWARPSF,"Carwarp Solar Farm","124 South West Angle Road",,,"Carwarp, VIC, 3494",Carwarp,VIC,3494,"2025/10/31 16:35:51",
D,PARTICIPANT_REGISTRATION,STATION,1,GESF,"Glenellen Solar Farm","58 Ortlipp Road",,,"Jindera, NSW, 2642",Jindera,NSW,2642,"2025/11/07 14:35:52",
D,PARTICIPANT_REGISTRATION,STATION,1,KIDSPHES,"Kidston Hydro Project","Lot 2 Old Kidston Road",,,"Einasleigh, QLD, 4871",Einasleigh,QLD,4871,"2025/11/14 14:58:13",
D,PARTICIPANT_REGISTRATION,STATION,1,GUSF,"Gunsynd Solar Farm","Lot 51, Jacksons Road",,,"Goondiwindi, QLD, 4390",Goondiwindi,QLD,4390,"2025/11/14 15:20:36",
D,PARTICIPANT_REGISTRATION,STATION,1,SWANBKBF,"Swanbank BESS","305 Swanbank Road",,,"Swanbank, QLD, 4306",Swanbank,QLD,4306,"2025/10/10 16:10:13",
D,PARTICIPANT_REGISTRATION,STATION,1,DRPSTQ01,"DR POWERSYNC Q 1","Single Site",,,"Brisbane, QLD, 4000",Brisbane,QLD,4000,"2025/11/19 08:03:11",
D,PARTICIPANT_REGISTRATION,STATION,1,DRXNAD01,"DR ENELX N16","Sydney Airport Domestic",,,"Sydney, NSW, 2020",Sydney,NSW,2020,"2025/11/28 08:19:46",
C,"END OF REPORT",629